CREATE DATABASE  IF NOT EXISTS `af25andrb1_CollegeDBV1` /*!40100 DEFAULT CHARACTER SET utf8mb4 COLLATE utf8mb4_general_ci */;
USE `af25andrb1_CollegeDBV1`;
-- MySQL dump 10.13  Distrib 8.0.38, for Win64 (x86_64)
--
-- Host: localhost    Database: af25andrb1_CollegeDBV1
-- ------------------------------------------------------
-- Server version	5.5.5-10.11.6-MariaDB-0+deb12u1

/*!40101 SET @OLD_CHARACTER_SET_CLIENT=@@CHARACTER_SET_CLIENT */;
/*!40101 SET @OLD_CHARACTER_SET_RESULTS=@@CHARACTER_SET_RESULTS */;
/*!40101 SET @OLD_COLLATION_CONNECTION=@@COLLATION_CONNECTION */;
/*!50503 SET NAMES utf8 */;
/*!40103 SET @OLD_TIME_ZONE=@@TIME_ZONE */;
/*!40103 SET TIME_ZONE='+00:00' */;
/*!40014 SET @OLD_UNIQUE_CHECKS=@@UNIQUE_CHECKS, UNIQUE_CHECKS=0 */;
/*!40014 SET @OLD_FOREIGN_KEY_CHECKS=@@FOREIGN_KEY_CHECKS, FOREIGN_KEY_CHECKS=0 */;
/*!40101 SET @OLD_SQL_MODE=@@SQL_MODE, SQL_MODE='NO_AUTO_VALUE_ON_ZERO' */;
/*!40111 SET @OLD_SQL_NOTES=@@SQL_NOTES, SQL_NOTES=0 */;

--
-- Table structure for table `Admin`
--

DROP TABLE IF EXISTS `Admin`;
/*!40101 SET @saved_cs_client     = @@character_set_client */;
/*!50503 SET character_set_client = utf8mb4 */;
CREATE TABLE `Admin` (
  `admin_id` int(11) NOT NULL AUTO_INCREMENT,
  `people_id` int(11) NOT NULL,
  `audit_user_id` int(11) NOT NULL,
  `audit_timestamp` timestamp NOT NULL DEFAULT current_timestamp() ON UPDATE current_timestamp(),
  PRIMARY KEY (`admin_id`),
  UNIQUE KEY `people_id_UNIQUE` (`people_id`),
  CONSTRAINT `fk_Admin_People1` FOREIGN KEY (`people_id`) REFERENCES `People` (`people_id`) ON UPDATE CASCADE
) ENGINE=InnoDB AUTO_INCREMENT=11 DEFAULT CHARSET=utf8mb4 COLLATE=utf8mb4_general_ci;
/*!40101 SET character_set_client = @saved_cs_client */;

--
-- Dumping data for table `Admin`
--

LOCK TABLES `Admin` WRITE;
/*!40000 ALTER TABLE `Admin` DISABLE KEYS */;
INSERT INTO `Admin` VALUES (1,13,1,'2025-11-04 18:55:26'),(2,21,1,'2025-11-04 18:55:26'),(3,37,1,'2025-11-04 18:55:26'),(4,51,1,'2025-11-04 18:55:26'),(5,55,1,'2025-11-04 18:55:26'),(6,66,1,'2025-11-04 18:55:26'),(7,69,1,'2025-11-04 18:55:26'),(8,92,1,'2025-11-04 18:55:26'),(9,136,1,'2025-11-04 18:55:26'),(10,180,1,'2025-11-04 18:55:26');
/*!40000 ALTER TABLE `Admin` ENABLE KEYS */;
UNLOCK TABLES;

--
-- Table structure for table `Bill`
--

DROP TABLE IF EXISTS `Bill`;
/*!40101 SET @saved_cs_client     = @@character_set_client */;
/*!50503 SET character_set_client = utf8mb4 */;
CREATE TABLE `Bill` (
  `bill_id` int(11) NOT NULL AUTO_INCREMENT,
  `student_id` int(11) NOT NULL,
  `semester_id` int(11) DEFAULT NULL,
  `amount_due` decimal(19,4) NOT NULL,
  `audit_user_id` int(11) NOT NULL,
  `audit_TIMESTAMP` timestamp NOT NULL DEFAULT current_timestamp() ON UPDATE current_timestamp(),
  PRIMARY KEY (`bill_id`),
  UNIQUE KEY `bill_id_UNIQUE` (`bill_id`),
  KEY `fk_Bill_Students1_idx` (`student_id`),
  KEY `fk_Bill_Semester1_idx` (`semester_id`),
  CONSTRAINT `fk_Bill_Semester1` FOREIGN KEY (`semester_id`) REFERENCES `Semester` (`semester_id`) ON DELETE NO ACTION ON UPDATE NO ACTION,
  CONSTRAINT `fk_Bill_Students1` FOREIGN KEY (`student_id`) REFERENCES `Students` (`student_id`) ON DELETE NO ACTION ON UPDATE NO ACTION
) ENGINE=InnoDB AUTO_INCREMENT=564 DEFAULT CHARSET=utf8mb4 COLLATE=utf8mb4_general_ci;
/*!40101 SET character_set_client = @saved_cs_client */;

--
-- Dumping data for table `Bill`
--

LOCK TABLES `Bill` WRITE;
/*!40000 ALTER TABLE `Bill` DISABLE KEYS */;
INSERT INTO `Bill` VALUES (1,1,1,0.0000,1,'2025-11-06 18:20:45'),(2,1,2,0.0000,1,'2025-11-06 18:21:49'),(3,1,3,11949.4700,1,'2025-11-04 18:55:36'),(4,1,4,13953.2200,1,'2025-11-04 18:55:36'),(5,2,1,6774.0900,1,'2025-11-04 18:55:36'),(6,2,2,2784.9800,1,'2025-11-04 18:55:36'),(7,2,3,7654.4200,1,'2025-11-04 18:55:36'),(8,2,4,5286.2000,1,'2025-11-04 18:55:36'),(9,3,1,11263.7700,1,'2025-11-04 18:55:36'),(10,3,2,7548.6800,1,'2025-11-04 18:55:36'),(11,3,3,12972.2700,1,'2025-11-04 18:55:36'),(12,3,4,13873.3900,1,'2025-11-04 18:55:36'),(13,4,1,4933.5500,1,'2025-11-04 18:55:36'),(14,4,2,4812.5300,1,'2025-11-04 18:55:36'),(15,4,3,6662.4100,1,'2025-11-04 18:55:37'),(16,4,4,11439.1300,1,'2025-11-04 18:55:37'),(17,5,1,8977.3300,1,'2025-11-04 18:55:37'),(18,5,2,12178.7400,1,'2025-11-04 18:55:37'),(19,5,3,2823.0400,1,'2025-11-04 18:55:37'),(20,5,4,10758.2500,1,'2025-11-04 18:55:37'),(21,6,1,5014.9200,1,'2025-11-04 18:55:37'),(22,6,2,13340.4500,1,'2025-11-04 18:55:37'),(23,6,3,7019.8100,1,'2025-11-04 18:55:37'),(24,6,4,6351.5800,1,'2025-11-04 18:55:37'),(25,7,1,12014.4900,1,'2025-11-04 18:55:37'),(26,7,2,9714.5600,1,'2025-11-04 18:55:37'),(27,7,3,5847.9300,1,'2025-11-04 18:55:37'),(28,7,4,9472.4000,1,'2025-11-04 18:55:37'),(29,8,1,6892.9500,1,'2025-11-04 18:55:37'),(30,8,2,6178.6700,1,'2025-11-04 18:55:37'),(31,8,3,8060.5800,1,'2025-11-04 18:55:37'),(32,8,4,8853.5600,1,'2025-11-04 18:55:37'),(33,9,1,3171.1400,1,'2025-11-04 18:55:37'),(34,9,2,2412.3700,1,'2025-11-04 18:55:37'),(35,9,3,4846.6800,1,'2025-11-04 18:55:37'),(36,9,4,3913.5700,1,'2025-11-04 18:55:37'),(37,10,1,4722.8300,1,'2025-11-04 18:55:37'),(38,10,2,7209.4900,1,'2025-11-04 18:55:37'),(39,10,3,4279.8300,1,'2025-11-04 18:55:37'),(40,10,4,6384.4400,1,'2025-11-04 18:55:37'),(41,11,1,6182.3000,1,'2025-11-04 18:55:37'),(42,11,2,11017.6200,1,'2025-11-04 18:55:37'),(43,11,3,14380.5900,1,'2025-11-04 18:55:37'),(44,11,4,10303.5200,1,'2025-11-04 18:55:37'),(45,12,1,5996.3200,1,'2025-11-04 18:55:37'),(46,12,2,10236.7800,1,'2025-11-04 18:55:37'),(47,12,3,5878.3000,1,'2025-11-04 18:55:37'),(48,12,4,8398.5400,1,'2025-11-04 18:55:37'),(49,13,1,11241.2500,1,'2025-11-04 18:55:37'),(50,13,2,12461.2300,1,'2025-11-04 18:55:37'),(51,13,3,9870.0100,1,'2025-11-04 18:55:37'),(52,13,4,13445.8100,1,'2025-11-04 18:55:37'),(53,14,1,13739.1800,1,'2025-11-04 18:55:37'),(54,14,2,5428.9800,1,'2025-11-04 18:55:37'),(55,14,3,4472.6300,1,'2025-11-04 18:55:37'),(56,14,4,6771.7500,1,'2025-11-04 18:55:37'),(57,15,1,12370.5500,1,'2025-11-04 18:55:37'),(58,15,2,5087.2600,1,'2025-11-04 18:55:37'),(59,15,3,12912.7500,1,'2025-11-04 18:55:37'),(60,15,4,3385.0900,1,'2025-11-04 18:55:37'),(61,16,1,2140.8500,1,'2025-11-04 18:55:37'),(62,16,2,13958.8500,1,'2025-11-04 18:55:37'),(63,16,3,8468.4200,1,'2025-11-04 18:55:37'),(64,16,4,11586.1400,1,'2025-11-04 18:55:37'),(65,17,1,7187.2200,1,'2025-11-04 18:55:37'),(66,17,2,12001.7800,1,'2025-11-04 18:55:37'),(67,17,3,6004.8700,1,'2025-11-04 18:55:37'),(68,17,4,4244.5600,1,'2025-11-04 18:55:37'),(69,18,1,2544.3000,1,'2025-11-04 18:55:37'),(70,18,2,11063.9200,1,'2025-11-04 18:55:37'),(71,18,3,14006.9800,1,'2025-11-04 18:55:37'),(72,18,4,3589.5100,1,'2025-11-04 18:55:37'),(73,19,1,14885.9900,1,'2025-11-04 18:55:37'),(74,19,2,11620.9500,1,'2025-11-04 18:55:37'),(75,19,3,4456.1600,1,'2025-11-04 18:55:37'),(76,19,4,8609.9500,1,'2025-11-04 18:55:37'),(77,20,1,9665.9100,1,'2025-11-04 18:55:37'),(78,20,2,12958.8900,1,'2025-11-04 18:55:37'),(79,20,3,7513.1100,1,'2025-11-04 18:55:37'),(80,20,4,8402.4900,1,'2025-11-04 18:55:37'),(81,21,1,6242.3800,1,'2025-11-04 18:55:37'),(82,21,2,3183.5500,1,'2025-11-04 18:55:37'),(83,21,3,2059.5900,1,'2025-11-04 18:55:37'),(84,21,4,11812.7300,1,'2025-11-04 18:55:37'),(85,22,1,3361.9800,1,'2025-11-04 18:55:37'),(86,22,2,10168.1500,1,'2025-11-04 18:55:37'),(87,22,3,8908.3700,1,'2025-11-04 18:55:37'),(88,22,4,10696.5300,1,'2025-11-04 18:55:37'),(89,23,1,7462.9400,1,'2025-11-04 18:55:37'),(90,23,2,13019.5500,1,'2025-11-04 18:55:37'),(91,23,3,7084.5100,1,'2025-11-04 18:55:37'),(92,23,4,13467.7600,1,'2025-11-04 18:55:37'),(93,24,1,8687.3600,1,'2025-11-04 18:55:37'),(94,24,2,9168.4700,1,'2025-11-04 18:55:37'),(95,24,3,5580.6300,1,'2025-11-04 18:55:37'),(96,24,4,14640.2400,1,'2025-11-04 18:55:37'),(97,25,1,2222.3400,1,'2025-11-04 18:55:37'),(98,25,2,5298.0200,1,'2025-11-04 18:55:37'),(99,25,3,12724.6200,1,'2025-11-04 18:55:37'),(100,25,4,13255.4000,1,'2025-11-04 18:55:37'),(101,26,1,2188.2600,1,'2025-11-04 18:55:37'),(102,26,2,4766.3700,1,'2025-11-04 18:55:37'),(103,26,3,6243.3100,1,'2025-11-04 18:55:37'),(104,26,4,8238.3500,1,'2025-11-04 18:55:37'),(105,27,1,11698.3200,1,'2025-11-04 18:55:37'),(106,27,2,4959.1000,1,'2025-11-04 18:55:37'),(107,27,3,6975.9900,1,'2025-11-04 18:55:37'),(108,27,4,13170.0500,1,'2025-11-04 18:55:37'),(109,28,1,9837.2600,1,'2025-11-04 18:55:37'),(110,28,2,7479.9800,1,'2025-11-04 18:55:37'),(111,28,3,3782.3100,1,'2025-11-04 18:55:37'),(112,28,4,10276.8700,1,'2025-11-04 18:55:37'),(113,29,1,6130.3300,1,'2025-11-04 18:55:37'),(114,29,2,6015.2700,1,'2025-11-04 18:55:37'),(115,29,3,2060.3400,1,'2025-11-04 18:55:37'),(116,29,4,8200.5600,1,'2025-11-04 18:55:37'),(117,30,1,4092.4600,1,'2025-11-04 18:55:37'),(118,30,2,6779.2100,1,'2025-11-04 18:55:37'),(119,30,3,5582.8800,1,'2025-11-04 18:55:37'),(120,30,4,10651.2000,1,'2025-11-04 18:55:37'),(121,31,1,13917.5700,1,'2025-11-04 18:55:38'),(122,31,2,5932.5700,1,'2025-11-04 18:55:38'),(123,31,3,5125.6000,1,'2025-11-04 18:55:38'),(124,31,4,14029.6600,1,'2025-11-04 18:55:38'),(125,32,1,8106.0900,1,'2025-11-04 18:55:38'),(126,32,2,2186.4000,1,'2025-11-04 18:55:38'),(127,32,3,10712.6500,1,'2025-11-04 18:55:38'),(128,32,4,7678.3000,1,'2025-11-04 18:55:38'),(129,33,1,8572.9100,1,'2025-11-04 18:55:38'),(130,33,2,5939.0400,1,'2025-11-04 18:55:38'),(131,33,3,10866.3400,1,'2025-11-04 18:55:38'),(132,33,4,10347.7100,1,'2025-11-04 18:55:38'),(133,34,1,6460.0400,1,'2025-11-04 18:55:38'),(134,34,2,14637.9400,1,'2025-11-04 18:55:38'),(135,34,3,7060.5600,1,'2025-11-04 18:55:38'),(136,34,4,6374.8100,1,'2025-11-04 18:55:38'),(137,35,1,4240.9300,1,'2025-11-04 18:55:38'),(138,35,2,6554.2200,1,'2025-11-04 18:55:38'),(139,35,3,6333.0800,1,'2025-11-04 18:55:38'),(140,35,4,10414.0700,1,'2025-11-04 18:55:38'),(141,36,1,14139.1900,1,'2025-11-04 18:55:38'),(142,36,2,8225.4000,1,'2025-11-04 18:55:38'),(143,36,3,13083.0800,1,'2025-11-04 18:55:38'),(144,36,4,2914.8200,1,'2025-11-04 18:55:38'),(145,37,1,5444.9000,1,'2025-11-04 18:55:38'),(146,37,2,13284.3000,1,'2025-11-04 18:55:38'),(147,37,3,11523.0600,1,'2025-11-04 18:55:38'),(148,37,4,3626.1600,1,'2025-11-04 18:55:38'),(149,38,1,12659.7700,1,'2025-11-04 18:55:38'),(150,38,2,9533.2300,1,'2025-11-04 18:55:38'),(151,38,3,6673.0700,1,'2025-11-04 18:55:38'),(152,38,4,10643.2800,1,'2025-11-04 18:55:38'),(153,39,1,14810.9800,1,'2025-11-04 18:55:38'),(154,39,2,12541.8600,1,'2025-11-04 18:55:38'),(155,39,3,2999.5100,1,'2025-11-04 18:55:38'),(156,39,4,4712.3600,1,'2025-11-04 18:55:38'),(157,40,1,2263.1600,1,'2025-11-04 18:55:38'),(158,40,2,13892.4000,1,'2025-11-04 18:55:38'),(159,40,3,13131.1100,1,'2025-11-04 18:55:38'),(160,40,4,6198.6100,1,'2025-11-04 18:55:38'),(161,41,1,7347.9000,1,'2025-11-04 18:55:38'),(162,41,2,5953.3500,1,'2025-11-04 18:55:38'),(163,41,3,9094.3200,1,'2025-11-04 18:55:38'),(164,41,4,5471.4400,1,'2025-11-04 18:55:38'),(165,42,1,8549.6400,1,'2025-11-04 18:55:38'),(166,42,2,5330.1500,1,'2025-11-04 18:55:38'),(167,42,3,4426.7500,1,'2025-11-04 18:55:38'),(168,42,4,7568.7700,1,'2025-11-04 18:55:38'),(169,43,1,12340.0200,1,'2025-11-04 18:55:38'),(170,43,2,11302.4300,1,'2025-11-04 18:55:38'),(171,43,3,10687.8200,1,'2025-11-04 18:55:38'),(172,43,4,4666.7900,1,'2025-11-04 18:55:38'),(173,44,1,6163.9900,1,'2025-11-04 18:55:38'),(174,44,2,8686.0400,1,'2025-11-04 18:55:38'),(175,44,3,3184.7700,1,'2025-11-04 18:55:38'),(176,44,4,4657.8600,1,'2025-11-04 18:55:38'),(177,45,1,11744.8700,1,'2025-11-04 18:55:38'),(178,45,2,2157.5700,1,'2025-11-04 18:55:38'),(179,45,3,14748.9200,1,'2025-11-04 18:55:38'),(180,45,4,8256.7900,1,'2025-11-04 18:55:38'),(181,46,1,7620.2900,1,'2025-11-04 18:55:38'),(182,46,2,13743.9800,1,'2025-11-04 18:55:38'),(183,46,3,6278.6300,1,'2025-11-04 18:55:38'),(184,46,4,12053.3600,1,'2025-11-04 18:55:38'),(185,47,1,6228.4500,1,'2025-11-04 18:55:38'),(186,47,2,5357.3900,1,'2025-11-04 18:55:38'),(187,47,3,11204.4500,1,'2025-11-04 18:55:38'),(188,47,4,6513.8600,1,'2025-11-04 18:55:38'),(189,48,1,7867.0500,1,'2025-11-04 18:55:38'),(190,48,2,14853.5400,1,'2025-11-04 18:55:38'),(191,48,3,11457.2600,1,'2025-11-04 18:55:38'),(192,48,4,10569.5100,1,'2025-11-04 18:55:38'),(193,49,1,6050.9200,1,'2025-11-04 18:55:38'),(194,49,2,10694.8600,1,'2025-11-04 18:55:38'),(195,49,3,13024.8300,1,'2025-11-04 18:55:38'),(196,49,4,5470.5600,1,'2025-11-04 18:55:38'),(197,50,1,14167.6300,1,'2025-11-04 18:55:38'),(198,50,2,5524.3100,1,'2025-11-04 18:55:38'),(199,50,3,3117.7100,1,'2025-11-04 18:55:38'),(200,50,4,14318.0000,1,'2025-11-04 18:55:38'),(201,51,1,6748.1800,1,'2025-11-04 18:55:38'),(202,51,2,13394.1200,1,'2025-11-04 18:55:38'),(203,51,3,12810.9200,1,'2025-11-04 18:55:38'),(204,51,4,13917.1000,1,'2025-11-04 18:55:38'),(205,52,1,14533.4700,1,'2025-11-04 18:55:38'),(206,52,2,2592.8000,1,'2025-11-04 18:55:38'),(207,52,3,6027.1000,1,'2025-11-04 18:55:38'),(208,52,4,10153.0400,1,'2025-11-04 18:55:38'),(209,53,1,7646.1700,1,'2025-11-04 18:55:38'),(210,53,2,8650.7200,1,'2025-11-04 18:55:38'),(211,53,3,10796.3200,1,'2025-11-04 18:55:38'),(212,53,4,2264.5400,1,'2025-11-04 18:55:38'),(213,54,1,9631.6000,1,'2025-11-04 18:55:38'),(214,54,2,13402.8600,1,'2025-11-04 18:55:38'),(215,54,3,11888.6700,1,'2025-11-04 18:55:38'),(216,54,4,4405.4300,1,'2025-11-04 18:55:38'),(217,55,1,12807.1800,1,'2025-11-04 18:55:38'),(218,55,2,11784.6300,1,'2025-11-04 18:55:38'),(219,55,3,5052.7900,1,'2025-11-04 18:55:38'),(220,55,4,14949.4900,1,'2025-11-04 18:55:38'),(221,56,1,11466.0900,1,'2025-11-04 18:55:38'),(222,56,2,13980.7000,1,'2025-11-04 18:55:38'),(223,56,3,4091.9900,1,'2025-11-04 18:55:38'),(224,56,4,9905.9600,1,'2025-11-04 18:55:38'),(225,57,1,12136.5000,1,'2025-11-04 18:55:38'),(226,57,2,14518.9400,1,'2025-11-04 18:55:38'),(227,57,3,6716.4200,1,'2025-11-04 18:55:38'),(228,57,4,13757.8600,1,'2025-11-04 18:55:39'),(229,58,1,14739.0400,1,'2025-11-04 18:55:39'),(230,58,2,3273.7700,1,'2025-11-04 18:55:39'),(231,58,3,13387.8100,1,'2025-11-04 18:55:39'),(232,58,4,2356.2100,1,'2025-11-04 18:55:39'),(233,59,1,11551.2900,1,'2025-11-04 18:55:39'),(234,59,2,6205.1200,1,'2025-11-04 18:55:39'),(235,59,3,2792.2000,1,'2025-11-04 18:55:39'),(236,59,4,14526.5700,1,'2025-11-04 18:55:39'),(237,60,1,12032.4600,1,'2025-11-04 18:55:39'),(238,60,2,13447.1200,1,'2025-11-04 18:55:39'),(239,60,3,8350.9900,1,'2025-11-04 18:55:39'),(240,60,4,5845.3900,1,'2025-11-04 18:55:39'),(241,61,1,13112.3200,1,'2025-11-04 18:55:39'),(242,61,2,6617.9100,1,'2025-11-04 18:55:39'),(243,61,3,14254.5700,1,'2025-11-04 18:55:39'),(244,61,4,6156.2900,1,'2025-11-04 18:55:39'),(245,62,1,13292.3400,1,'2025-11-04 18:55:39'),(246,62,2,6009.4100,1,'2025-11-04 18:55:39'),(247,62,3,14278.0900,1,'2025-11-04 18:55:39'),(248,62,4,5867.8800,1,'2025-11-04 18:55:39'),(249,63,1,2557.4100,1,'2025-11-04 18:55:39'),(250,63,2,11437.8800,1,'2025-11-04 18:55:39'),(251,63,3,8515.5700,1,'2025-11-04 18:55:39'),(252,63,4,6337.8200,1,'2025-11-04 18:55:39'),(253,64,1,14654.7600,1,'2025-11-04 18:55:39'),(254,64,2,5733.5800,1,'2025-11-04 18:55:39'),(255,64,3,11512.2100,1,'2025-11-04 18:55:39'),(256,64,4,10535.9300,1,'2025-11-04 18:55:39'),(257,65,1,5361.2600,1,'2025-11-04 18:55:39'),(258,65,2,14809.2700,1,'2025-11-04 18:55:39'),(259,65,3,14086.5300,1,'2025-11-04 18:55:39'),(260,65,4,5030.1700,1,'2025-11-04 18:55:39'),(261,66,1,4659.0900,1,'2025-11-04 18:55:39'),(262,66,2,13979.3800,1,'2025-11-04 18:55:39'),(263,66,3,3951.0200,1,'2025-11-04 18:55:39'),(264,66,4,6341.3800,1,'2025-11-04 18:55:39'),(265,67,1,11417.2400,1,'2025-11-04 18:55:39'),(266,67,2,2389.9900,1,'2025-11-04 18:55:39'),(267,67,3,5904.6800,1,'2025-11-04 18:55:39'),(268,67,4,7889.6400,1,'2025-11-04 18:55:39'),(269,68,1,7853.5900,1,'2025-11-04 18:55:39'),(270,68,2,13751.2800,1,'2025-11-04 18:55:39'),(271,68,3,13063.2200,1,'2025-11-04 18:55:39'),(272,68,4,12806.4000,1,'2025-11-04 18:55:39'),(273,69,1,2037.9200,1,'2025-11-04 18:55:39'),(274,69,2,11096.1900,1,'2025-11-04 18:55:39'),(275,69,3,7982.3200,1,'2025-11-04 18:55:39'),(276,69,4,10940.8500,1,'2025-11-04 18:55:39'),(277,70,1,13135.6800,1,'2025-11-04 18:55:39'),(278,70,2,4366.1100,1,'2025-11-04 18:55:39'),(279,70,3,3136.0700,1,'2025-11-04 18:55:39'),(280,70,4,13203.8000,1,'2025-11-04 18:55:39'),(281,71,1,10444.8600,1,'2025-11-04 18:55:39'),(282,71,2,9048.8600,1,'2025-11-04 18:55:39'),(283,71,3,5277.3800,1,'2025-11-04 18:55:39'),(284,71,4,2526.6700,1,'2025-11-04 18:55:39'),(285,72,1,3878.9400,1,'2025-11-04 18:55:39'),(286,72,2,8331.1200,1,'2025-11-04 18:55:39'),(287,72,3,10296.4300,1,'2025-11-04 18:55:39'),(288,72,4,13523.3300,1,'2025-11-04 18:55:39'),(289,73,1,14742.3600,1,'2025-11-04 18:55:39'),(290,73,2,12383.9600,1,'2025-11-04 18:55:39'),(291,73,3,2575.5500,1,'2025-11-04 18:55:39'),(292,73,4,12753.4300,1,'2025-11-04 18:55:39'),(293,74,1,7881.5700,1,'2025-11-04 18:55:39'),(294,74,2,13929.5200,1,'2025-11-04 18:55:39'),(295,74,3,12566.2100,1,'2025-11-04 18:55:39'),(296,74,4,5068.6600,1,'2025-11-04 18:55:39'),(297,75,1,13235.0800,1,'2025-11-04 18:55:39'),(298,75,2,8811.2000,1,'2025-11-04 18:55:39'),(299,75,3,14134.2500,1,'2025-11-04 18:55:39'),(300,75,4,4270.9900,1,'2025-11-04 18:55:39'),(301,76,1,11859.4300,1,'2025-11-04 18:55:39'),(302,76,2,13734.7500,1,'2025-11-04 18:55:39'),(303,76,3,9893.1800,1,'2025-11-04 18:55:39'),(304,76,4,2548.8300,1,'2025-11-04 18:55:39'),(305,77,1,7012.9300,1,'2025-11-04 18:55:39'),(306,77,2,3051.3700,1,'2025-11-04 18:55:39'),(307,77,3,10322.9000,1,'2025-11-04 18:55:39'),(308,77,4,3389.9500,1,'2025-11-04 18:55:39'),(309,78,1,7358.3600,1,'2025-11-04 18:55:39'),(310,78,2,2801.6800,1,'2025-11-04 18:55:39'),(311,78,3,4341.5800,1,'2025-11-04 18:55:39'),(312,78,4,6641.7000,1,'2025-11-04 18:55:39'),(313,79,1,9182.8600,1,'2025-11-04 18:55:39'),(314,79,2,10834.9400,1,'2025-11-04 18:55:39'),(315,79,3,7233.7400,1,'2025-11-04 18:55:39'),(316,79,4,13547.3700,1,'2025-11-04 18:55:39'),(317,80,1,10659.3600,1,'2025-11-04 18:55:39'),(318,80,2,12051.9700,1,'2025-11-04 18:55:39'),(319,80,3,14072.4800,1,'2025-11-04 18:55:39'),(320,80,4,2484.1700,1,'2025-11-04 18:55:39'),(321,81,1,11845.9300,1,'2025-11-04 18:55:39'),(322,81,2,3443.9900,1,'2025-11-04 18:55:39'),(323,81,3,2765.8700,1,'2025-11-04 18:55:39'),(324,81,4,4769.8400,1,'2025-11-04 18:55:39'),(325,82,1,14645.6300,1,'2025-11-04 18:55:39'),(326,82,2,12077.4400,1,'2025-11-04 18:55:39'),(327,82,3,6364.7800,1,'2025-11-04 18:55:39'),(328,82,4,10558.8300,1,'2025-11-04 18:55:39'),(329,83,1,7755.8200,1,'2025-11-04 18:55:40'),(330,83,2,13076.9800,1,'2025-11-04 18:55:40'),(331,83,3,6993.8100,1,'2025-11-04 18:55:40'),(332,83,4,2166.4100,1,'2025-11-04 18:55:40'),(333,84,1,5994.4400,1,'2025-11-04 18:55:40'),(334,84,2,10788.5000,1,'2025-11-04 18:55:40'),(335,84,3,9333.2100,1,'2025-11-04 18:55:40'),(336,84,4,5297.3400,1,'2025-11-04 18:55:40'),(337,85,1,8135.5700,1,'2025-11-04 18:55:40'),(338,85,2,4941.8800,1,'2025-11-04 18:55:40'),(339,85,3,3185.0000,1,'2025-11-04 18:55:40'),(340,85,4,8626.9100,1,'2025-11-04 18:55:40'),(341,86,1,7036.9100,1,'2025-11-04 18:55:40'),(342,86,2,2229.0700,1,'2025-11-04 18:55:40'),(343,86,3,12892.7800,1,'2025-11-04 18:55:40'),(344,86,4,12254.1400,1,'2025-11-04 18:55:40'),(345,87,1,11804.2900,1,'2025-11-04 18:55:40'),(346,87,2,12100.0200,1,'2025-11-04 18:55:40'),(347,87,3,9729.8100,1,'2025-11-04 18:55:40'),(348,87,4,7771.2700,1,'2025-11-04 18:55:40'),(349,88,1,8456.3300,1,'2025-11-04 18:55:40'),(350,88,2,11896.7800,1,'2025-11-04 18:55:40'),(351,88,3,11597.8300,1,'2025-11-04 18:55:40'),(352,88,4,13563.2700,1,'2025-11-04 18:55:40'),(353,89,1,14790.3300,1,'2025-11-04 18:55:40'),(354,89,2,4997.5600,1,'2025-11-04 18:55:40'),(355,89,3,13331.4800,1,'2025-11-04 18:55:40'),(356,89,4,7572.0200,1,'2025-11-04 18:55:40'),(357,90,1,12753.8000,1,'2025-11-04 18:55:40'),(358,90,2,8513.8300,1,'2025-11-04 18:55:40'),(359,90,3,3681.6000,1,'2025-11-04 18:55:40'),(360,90,4,6707.3900,1,'2025-11-04 18:55:40'),(361,91,1,14637.5400,1,'2025-11-04 18:55:40'),(362,91,2,8616.7500,1,'2025-11-04 18:55:40'),(363,91,3,7333.8100,1,'2025-11-04 18:55:40'),(364,91,4,13634.3400,1,'2025-11-04 18:55:40'),(365,92,1,9127.6600,1,'2025-11-04 18:55:40'),(366,92,2,11099.6200,1,'2025-11-04 18:55:40'),(367,92,3,2168.9900,1,'2025-11-04 18:55:40'),(368,92,4,13609.3400,1,'2025-11-04 18:55:40'),(369,93,1,9425.1000,1,'2025-11-04 18:55:40'),(370,93,2,12659.8400,1,'2025-11-04 18:55:40'),(371,93,3,12499.4300,1,'2025-11-04 18:55:40'),(372,93,4,3277.3600,1,'2025-11-04 18:55:40'),(373,94,1,5113.5100,1,'2025-11-04 18:55:40'),(374,94,2,3707.1700,1,'2025-11-04 18:55:40'),(375,94,3,4960.0800,1,'2025-11-04 18:55:40'),(376,94,4,12314.0600,1,'2025-11-04 18:55:40'),(377,95,1,3228.5500,1,'2025-11-04 18:55:40'),(378,95,2,11816.2700,1,'2025-11-04 18:55:40'),(379,95,3,9612.7900,1,'2025-11-04 18:55:40'),(380,95,4,11574.1400,1,'2025-11-04 18:55:40'),(381,96,1,6559.5700,1,'2025-11-04 18:55:40'),(382,96,2,7386.8800,1,'2025-11-04 18:55:40'),(383,96,3,2203.2500,1,'2025-11-04 18:55:40'),(384,96,4,4192.0900,1,'2025-11-04 18:55:40'),(385,97,1,13731.5700,1,'2025-11-04 18:55:40'),(386,97,2,12066.2200,1,'2025-11-04 18:55:40'),(387,97,3,8572.9800,1,'2025-11-04 18:55:40'),(388,97,4,3463.9400,1,'2025-11-04 18:55:40'),(389,98,1,11388.1600,1,'2025-11-04 18:55:40'),(390,98,2,6732.7000,1,'2025-11-04 18:55:40'),(391,98,3,8319.4900,1,'2025-11-04 18:55:40'),(392,98,4,10055.1300,1,'2025-11-04 18:55:40'),(393,99,1,11409.3300,1,'2025-11-04 18:55:40'),(394,99,2,9924.8600,1,'2025-11-04 18:55:40'),(395,99,3,11072.0300,1,'2025-11-04 18:55:40'),(396,99,4,8583.3600,1,'2025-11-04 18:55:40'),(397,100,1,9945.8200,1,'2025-11-04 18:55:40'),(398,100,2,13717.7800,1,'2025-11-04 18:55:40'),(399,100,3,8288.9200,1,'2025-11-04 18:55:40'),(400,100,4,4600.3600,1,'2025-11-04 18:55:40'),(401,101,1,5942.8800,1,'2025-11-04 18:55:40'),(402,101,2,8738.3100,1,'2025-11-04 18:55:40'),(403,101,3,9684.1700,1,'2025-11-04 18:55:40'),(404,101,4,14314.3300,1,'2025-11-04 18:55:40'),(405,102,1,9897.0300,1,'2025-11-04 18:55:40'),(406,102,2,5394.4900,1,'2025-11-04 18:55:40'),(407,102,3,6674.7900,1,'2025-11-04 18:55:40'),(408,102,4,2867.2500,1,'2025-11-04 18:55:40'),(409,103,1,9044.4600,1,'2025-11-04 18:55:40'),(410,103,2,9313.0900,1,'2025-11-04 18:55:40'),(411,103,3,9944.0900,1,'2025-11-04 18:55:40'),(412,103,4,2000.4500,1,'2025-11-04 18:55:40'),(413,104,1,6349.1300,1,'2025-11-04 18:55:40'),(414,104,2,5039.9400,1,'2025-11-04 18:55:40'),(415,104,3,4686.2400,1,'2025-11-04 18:55:40'),(416,104,4,3589.8800,1,'2025-11-04 18:55:40'),(417,105,1,9412.0400,1,'2025-11-04 18:55:40'),(418,105,2,4181.2600,1,'2025-11-04 18:55:40'),(419,105,3,11640.9600,1,'2025-11-04 18:55:40'),(420,105,4,9565.9900,1,'2025-11-04 18:55:40'),(421,106,1,13080.1900,1,'2025-11-04 18:55:40'),(422,106,2,13893.8700,1,'2025-11-04 18:55:40'),(423,106,3,3495.1000,1,'2025-11-04 18:55:40'),(424,106,4,12572.4500,1,'2025-11-04 18:55:40'),(425,107,1,8426.3100,1,'2025-11-04 18:55:40'),(426,107,2,14937.3600,1,'2025-11-04 18:55:40'),(427,107,3,10287.5100,1,'2025-11-04 18:55:40'),(428,107,4,6090.0700,1,'2025-11-04 18:55:41'),(429,108,1,11220.8600,1,'2025-11-04 18:55:41'),(430,108,2,13100.3500,1,'2025-11-04 18:55:41'),(431,108,3,5644.8100,1,'2025-11-04 18:55:41'),(432,108,4,4286.0900,1,'2025-11-04 18:55:41'),(433,109,1,9895.9300,1,'2025-11-04 18:55:41'),(434,109,2,3842.5000,1,'2025-11-04 18:55:41'),(435,109,3,13269.1300,1,'2025-11-04 18:55:41'),(436,109,4,2867.0400,1,'2025-11-04 18:55:41'),(437,110,1,5727.0300,1,'2025-11-04 18:55:41'),(438,110,2,10156.6100,1,'2025-11-04 18:55:41'),(439,110,3,11656.9500,1,'2025-11-04 18:55:41'),(440,110,4,6779.6100,1,'2025-11-04 18:55:41'),(441,111,1,12400.7200,1,'2025-11-04 18:55:41'),(442,111,2,8967.4400,1,'2025-11-04 18:55:41'),(443,111,3,13599.8000,1,'2025-11-04 18:55:41'),(444,111,4,6124.7900,1,'2025-11-04 18:55:41'),(445,112,1,3170.3700,1,'2025-11-04 18:55:41'),(446,112,2,10642.5800,1,'2025-11-04 18:55:41'),(447,112,3,3117.5900,1,'2025-11-04 18:55:41'),(448,112,4,3739.7300,1,'2025-11-04 18:55:41'),(449,113,1,2375.2900,1,'2025-11-04 18:55:41'),(450,113,2,9118.3300,1,'2025-11-04 18:55:41'),(451,113,3,5948.9800,1,'2025-11-04 18:55:41'),(452,113,4,12085.6200,1,'2025-11-04 18:55:41'),(453,114,1,4171.8100,1,'2025-11-04 18:55:41'),(454,114,2,3639.7200,1,'2025-11-04 18:55:41'),(455,114,3,14010.1300,1,'2025-11-04 18:55:41'),(456,114,4,12918.3300,1,'2025-11-04 18:55:41'),(457,115,1,7886.7500,1,'2025-11-04 18:55:41'),(458,115,2,9230.9700,1,'2025-11-04 18:55:41'),(459,115,3,14315.8700,1,'2025-11-04 18:55:41'),(460,115,4,10395.1900,1,'2025-11-04 18:55:41'),(461,116,1,9003.1300,1,'2025-11-04 18:55:41'),(462,116,2,13885.0700,1,'2025-11-04 18:55:41'),(463,116,3,7356.9900,1,'2025-11-04 18:55:41'),(464,116,4,6759.1200,1,'2025-11-04 18:55:41'),(465,117,1,2577.5600,1,'2025-11-04 18:55:41'),(466,117,2,4476.9500,1,'2025-11-04 18:55:41'),(467,117,3,2089.1500,1,'2025-11-04 18:55:41'),(468,117,4,4205.0700,1,'2025-11-04 18:55:41'),(469,118,1,14343.8900,1,'2025-11-04 18:55:41'),(470,118,2,11894.6700,1,'2025-11-04 18:55:41'),(471,118,3,13555.1700,1,'2025-11-04 18:55:41'),(472,118,4,3267.6100,1,'2025-11-04 18:55:41'),(473,119,1,14621.0100,1,'2025-11-04 18:55:41'),(474,119,2,5282.3900,1,'2025-11-04 18:55:41'),(475,119,3,13721.3200,1,'2025-11-04 18:55:41'),(476,119,4,11755.3400,1,'2025-11-04 18:55:41'),(477,120,1,4363.8500,1,'2025-11-04 18:55:41'),(478,120,2,2094.6000,1,'2025-11-04 18:55:41'),(479,120,3,6339.0700,1,'2025-11-04 18:55:41'),(480,120,4,9842.5800,1,'2025-11-04 18:55:41'),(481,121,1,12186.4800,1,'2025-11-04 18:55:41'),(482,121,2,2162.8000,1,'2025-11-04 18:55:41'),(483,121,3,2449.9300,1,'2025-11-04 18:55:41'),(484,121,4,8257.8100,1,'2025-11-04 18:55:41'),(485,122,1,3386.1800,1,'2025-11-04 18:55:41'),(486,122,2,2963.1500,1,'2025-11-04 18:55:41'),(487,122,3,14162.7600,1,'2025-11-04 18:55:41'),(488,122,4,11666.3500,1,'2025-11-04 18:55:41'),(489,123,1,12807.2700,1,'2025-11-04 18:55:41'),(490,123,2,8789.8300,1,'2025-11-04 18:55:41'),(491,123,3,3758.1100,1,'2025-11-04 18:55:41'),(492,123,4,4834.6800,1,'2025-11-04 18:55:41'),(493,124,1,4274.3200,1,'2025-11-04 18:55:41'),(494,124,2,10585.5700,1,'2025-11-04 18:55:41'),(495,124,3,10171.1800,1,'2025-11-04 18:55:41'),(496,124,4,4551.7000,1,'2025-11-04 18:55:41'),(497,125,1,6443.2400,1,'2025-11-04 18:55:41'),(498,125,2,8009.7000,1,'2025-11-04 18:55:41'),(499,125,3,14578.0400,1,'2025-11-04 18:55:41'),(500,125,4,7505.1300,1,'2025-11-04 18:55:41'),(501,126,1,12854.7100,1,'2025-11-04 18:55:41'),(502,126,2,10663.2100,1,'2025-11-04 18:55:41'),(503,126,3,7772.5900,1,'2025-11-04 18:55:41'),(504,126,4,6366.6000,1,'2025-11-04 18:55:41'),(505,127,1,6689.7600,1,'2025-11-04 18:55:41'),(506,127,2,6598.7900,1,'2025-11-04 18:55:41'),(507,127,3,12042.3800,1,'2025-11-04 18:55:41'),(508,127,4,6782.5600,1,'2025-11-04 18:55:41'),(509,128,1,14031.0600,1,'2025-11-04 18:55:41'),(510,128,2,13774.3000,1,'2025-11-04 18:55:41'),(511,128,3,14162.9400,1,'2025-11-04 18:55:41'),(512,128,4,8163.5000,1,'2025-11-04 18:55:41'),(513,129,1,4388.5500,1,'2025-11-04 18:55:42'),(514,129,2,2763.6500,1,'2025-11-04 18:55:42'),(515,129,3,5948.9800,1,'2025-11-04 18:55:42'),(516,129,4,5113.2900,1,'2025-11-04 18:55:42'),(517,130,1,2956.8600,1,'2025-11-04 18:55:42'),(518,130,2,6756.1500,1,'2025-11-04 18:55:42'),(519,130,3,6984.8900,1,'2025-11-04 18:55:42'),(520,130,4,14212.3600,1,'2025-11-04 18:55:42'),(521,131,1,8062.9500,1,'2025-11-04 18:55:42'),(522,131,2,6661.3700,1,'2025-11-04 18:55:42'),(523,131,3,5127.8900,1,'2025-11-04 18:55:42'),(524,131,4,4009.6400,1,'2025-11-04 18:55:42'),(525,132,1,10339.7800,1,'2025-11-04 18:55:42'),(526,132,2,3374.8600,1,'2025-11-04 18:55:42'),(527,132,3,9632.6700,1,'2025-11-04 18:55:42'),(528,132,4,13192.4000,1,'2025-11-04 18:55:42'),(529,133,1,14967.1100,1,'2025-11-04 18:55:42'),(530,133,2,10290.9000,1,'2025-11-04 18:55:42'),(531,133,3,5747.4700,1,'2025-11-04 18:55:42'),(532,133,4,2160.0000,1,'2025-11-04 18:55:42'),(533,134,1,11490.5300,1,'2025-11-04 18:55:42'),(534,134,2,10343.4400,1,'2025-11-04 18:55:42'),(535,134,3,13008.1000,1,'2025-11-04 18:55:42'),(536,134,4,9435.6600,1,'2025-11-04 18:55:42'),(537,135,1,8271.8000,1,'2025-11-04 18:55:42'),(538,135,2,2884.8700,1,'2025-11-04 18:55:42'),(539,135,3,3584.4000,1,'2025-11-04 18:55:42'),(540,135,4,4098.3300,1,'2025-11-04 18:55:42'),(541,136,1,14915.0200,1,'2025-11-04 18:55:42'),(542,136,2,14477.4100,1,'2025-11-04 18:55:42'),(543,136,3,13214.2200,1,'2025-11-04 18:55:42'),(544,136,4,12016.0700,1,'2025-11-04 18:55:42'),(545,137,1,3378.2100,1,'2025-11-04 18:55:42'),(546,137,2,3489.3900,1,'2025-11-04 18:55:42'),(547,137,3,12055.5000,1,'2025-11-04 18:55:42'),(548,137,4,11788.7300,1,'2025-11-04 18:55:42'),(549,138,1,7698.1300,1,'2025-11-04 18:55:42'),(550,138,2,10567.8700,1,'2025-11-04 18:55:42'),(551,138,3,10779.3500,1,'2025-11-04 18:55:42'),(552,138,4,10922.0800,1,'2025-11-04 18:55:42'),(553,139,1,4864.7300,1,'2025-11-04 18:55:42'),(554,139,2,14464.0700,1,'2025-11-04 18:55:42'),(555,139,3,11810.8100,1,'2025-11-04 18:55:42'),(556,139,4,7803.5400,1,'2025-11-04 18:55:42'),(557,140,1,9557.0500,1,'2025-11-04 18:55:42'),(558,140,2,7284.1700,1,'2025-11-04 18:55:42'),(559,140,3,14933.6300,1,'2025-11-04 18:55:42'),(560,140,4,10383.9300,1,'2025-11-04 18:55:42'),(561,1,1,1000.0000,1,'2025-11-11 19:43:56'),(562,1,1,1000.0000,1,'2025-11-11 19:44:25'),(563,1,1,1000.0000,1,'2025-11-11 19:44:48');
/*!40000 ALTER TABLE `Bill` ENABLE KEYS */;
UNLOCK TABLES;

--
-- Table structure for table `Building`
--

DROP TABLE IF EXISTS `Building`;
/*!40101 SET @saved_cs_client     = @@character_set_client */;
/*!50503 SET character_set_client = utf8mb4 */;
CREATE TABLE `Building` (
  `building_id` int(11) NOT NULL AUTO_INCREMENT,
  `building_name` varchar(255) DEFAULT NULL,
  `building_abreviation` char(3) DEFAULT NULL,
  `audit_user_id` int(11) NOT NULL,
  `audit_timestamp` timestamp NOT NULL DEFAULT current_timestamp() ON UPDATE current_timestamp(),
  PRIMARY KEY (`building_id`)
) ENGINE=InnoDB AUTO_INCREMENT=11 DEFAULT CHARSET=utf8mb4 COLLATE=utf8mb4_general_ci;
/*!40101 SET character_set_client = @saved_cs_client */;

--
-- Dumping data for table `Building`
--

LOCK TABLES `Building` WRITE;
/*!40000 ALTER TABLE `Building` DISABLE KEYS */;
INSERT INTO `Building` VALUES (1,'Building A','B01',1,'2025-11-04 18:55:23'),(2,'Building B','B02',1,'2025-11-04 18:55:23'),(3,'Building C','B03',1,'2025-11-04 18:55:23'),(4,'Building D','B04',1,'2025-11-04 18:55:23'),(5,'Building E','B05',1,'2025-11-04 18:55:23'),(6,'Building F','B06',1,'2025-11-04 18:55:23'),(7,'Building G','B07',1,'2025-11-04 18:55:23'),(8,'Building H','B08',1,'2025-11-04 18:55:23'),(9,'Building I','B09',1,'2025-11-04 18:55:23'),(10,'Building J','B10',1,'2025-11-04 18:55:23');
/*!40000 ALTER TABLE `Building` ENABLE KEYS */;
UNLOCK TABLES;

--
-- Table structure for table `Course_Section`
--

DROP TABLE IF EXISTS `Course_Section`;
/*!40101 SET @saved_cs_client     = @@character_set_client */;
/*!50503 SET character_set_client = utf8mb4 */;
CREATE TABLE `Course_Section` (
  `section_id` int(11) NOT NULL AUTO_INCREMENT,
  `course_id` int(11) NOT NULL,
  `semester_id` int(11) NOT NULL,
  `section_number` int(11) NOT NULL,
  `faculty_id` int(11) DEFAULT NULL,
  `start_time` time DEFAULT NULL,
  `end_time` time DEFAULT NULL,
  `audit_user_id` int(11) NOT NULL,
  `audit_timestamp` timestamp NOT NULL DEFAULT current_timestamp() ON UPDATE current_timestamp(),
  PRIMARY KEY (`section_id`),
  UNIQUE KEY `section_number_UNIQUE` (`section_number`),
  KEY `fk_Course Section_Courses1_idx` (`course_id`),
  KEY `fk_Course Section_semester1_idx` (`semester_id`),
  KEY `fk_Course_Section_Faculty1_idx` (`faculty_id`),
  CONSTRAINT `fk_Course Section_Courses1` FOREIGN KEY (`course_id`) REFERENCES `Courses` (`course_id`) ON UPDATE CASCADE,
  CONSTRAINT `fk_Course Section_semester1` FOREIGN KEY (`semester_id`) REFERENCES `Semester` (`semester_id`) ON DELETE NO ACTION ON UPDATE NO ACTION,
  CONSTRAINT `fk_Course_Section_Faculty1` FOREIGN KEY (`faculty_id`) REFERENCES `Faculty` (`faculty_id`) ON DELETE NO ACTION ON UPDATE NO ACTION
) ENGINE=InnoDB AUTO_INCREMENT=81 DEFAULT CHARSET=utf8mb4 COLLATE=utf8mb4_general_ci;
/*!40101 SET character_set_client = @saved_cs_client */;

--
-- Dumping data for table `Course_Section`
--

LOCK TABLES `Course_Section` WRITE;
/*!40000 ALTER TABLE `Course_Section` DISABLE KEYS */;
INSERT INTO `Course_Section` VALUES (1,7,2,1001,44,'16:30:00','17:30:00',1,'2025-11-04 18:55:28'),(2,4,2,1002,26,'14:15:00','15:15:00',1,'2025-11-04 18:55:28'),(3,18,4,1003,11,'14:30:00','16:30:00',1,'2025-11-04 18:55:28'),(4,2,2,1004,49,'09:00:00','10:00:00',1,'2025-11-04 18:55:28'),(5,11,3,1005,45,'14:00:00','15:00:00',1,'2025-11-04 18:55:28'),(6,13,4,1006,50,'10:30:00','11:30:00',1,'2025-11-04 18:55:28'),(7,7,3,1007,28,'13:15:00','14:15:00',1,'2025-11-04 18:55:28'),(8,7,4,1008,17,'08:30:00','09:30:00',1,'2025-11-04 18:55:28'),(9,16,1,1009,35,'14:00:00','15:00:00',1,'2025-11-04 18:55:28'),(10,4,1,1010,NULL,'15:00:00','16:00:00',1,'2025-11-04 18:55:28'),(11,17,1,1011,40,'08:30:00','10:30:00',1,'2025-11-04 18:55:28'),(12,13,4,1012,41,'14:15:00','16:15:00',1,'2025-11-04 18:55:28'),(13,5,2,1013,43,'13:45:00','15:45:00',1,'2025-11-04 18:55:28'),(14,10,2,1014,37,'08:00:00','10:00:00',1,'2025-11-04 18:55:28'),(15,5,4,1015,3,'08:15:00','09:15:00',1,'2025-11-04 18:55:28'),(16,20,3,1016,39,'16:00:00','17:00:00',1,'2025-11-04 18:55:28'),(17,5,2,1017,20,'09:30:00','11:30:00',1,'2025-11-04 18:55:28'),(18,3,3,1018,7,'12:00:00','14:00:00',1,'2025-11-04 18:55:28'),(19,1,1,1019,20,'14:45:00','15:45:00',1,'2025-11-04 18:55:28'),(20,4,1,1020,48,'08:45:00','10:45:00',1,'2025-11-04 18:55:28'),(21,10,3,1021,17,'10:15:00','11:15:00',1,'2025-11-04 18:55:28'),(22,18,4,1022,NULL,'12:15:00','13:15:00',1,'2025-11-04 18:55:28'),(23,11,3,1023,13,'09:45:00','10:45:00',1,'2025-11-04 18:55:28'),(24,17,3,1024,26,'08:45:00','10:45:00',1,'2025-11-04 18:55:28'),(25,16,3,1025,21,'10:30:00','12:30:00',1,'2025-11-04 18:55:28'),(26,12,3,1026,45,'08:15:00','09:15:00',1,'2025-11-04 18:55:28'),(27,5,1,1027,43,'15:15:00','16:15:00',1,'2025-11-04 18:55:28'),(28,6,4,1028,7,'14:00:00','16:00:00',1,'2025-11-04 18:55:28'),(29,18,2,1029,38,'15:30:00','16:30:00',1,'2025-11-04 18:55:28'),(30,3,3,1030,32,'11:00:00','13:00:00',1,'2025-11-04 18:55:28'),(31,13,1,1031,5,'09:45:00','10:45:00',1,'2025-11-04 18:55:28'),(32,16,1,1032,12,'13:45:00','14:45:00',1,'2025-11-04 18:55:28'),(33,20,4,1033,29,'15:00:00','16:00:00',1,'2025-11-04 18:55:28'),(34,11,2,1034,3,'09:00:00','10:00:00',1,'2025-11-04 18:55:28'),(35,3,3,1035,15,'08:15:00','09:15:00',1,'2025-11-04 18:55:28'),(36,7,2,1036,47,'10:45:00','12:45:00',1,'2025-11-04 18:55:28'),(37,4,1,1037,49,'16:45:00','17:45:00',1,'2025-11-04 18:55:28'),(38,10,4,1038,47,'08:15:00','10:15:00',1,'2025-11-04 18:55:28'),(39,17,2,1039,40,'15:15:00','16:15:00',1,'2025-11-04 18:55:28'),(40,16,2,1040,11,'11:30:00','12:30:00',1,'2025-11-04 18:55:28'),(41,4,3,1041,7,'08:30:00','09:30:00',1,'2025-11-04 18:55:28'),(42,10,1,1042,19,'12:00:00','14:00:00',1,'2025-11-04 18:55:28'),(43,10,3,1043,12,'08:45:00','09:45:00',1,'2025-11-04 18:55:28'),(44,17,2,1044,47,'14:15:00','15:15:00',1,'2025-11-04 18:55:28'),(45,16,1,1045,8,'16:30:00','17:30:00',1,'2025-11-04 18:55:28'),(46,7,1,1046,18,'16:00:00','18:00:00',1,'2025-11-04 18:55:29'),(47,17,4,1047,33,'12:45:00','13:45:00',1,'2025-11-04 18:55:29'),(48,20,2,1048,24,'11:45:00','13:45:00',1,'2025-11-04 18:55:29'),(49,19,2,1049,12,'10:15:00','11:15:00',1,'2025-11-04 18:55:29'),(50,3,1,1050,NULL,'15:00:00','16:00:00',1,'2025-11-04 18:55:29'),(51,9,1,1051,4,'08:45:00','09:45:00',1,'2025-11-04 18:55:29'),(52,16,1,1052,16,'16:15:00','18:15:00',1,'2025-11-04 18:55:29'),(53,16,2,1053,31,'15:30:00','16:30:00',1,'2025-11-04 18:55:29'),(54,11,3,1054,12,'12:45:00','13:45:00',1,'2025-11-04 18:55:29'),(55,3,1,1055,50,'15:45:00','17:45:00',1,'2025-11-04 18:55:29'),(56,8,4,1056,34,'15:45:00','16:45:00',1,'2025-11-04 18:55:29'),(57,17,4,1057,33,'08:00:00','10:00:00',1,'2025-11-04 18:55:29'),(58,15,1,1058,9,'13:45:00','15:45:00',1,'2025-11-04 18:55:29'),(59,2,4,1059,1,'11:15:00','13:15:00',1,'2025-11-04 18:55:29'),(60,5,1,1060,13,'14:30:00','15:30:00',1,'2025-11-04 18:55:29'),(61,2,4,1061,27,'14:30:00','15:30:00',1,'2025-11-04 18:55:29'),(62,13,4,1062,50,'11:15:00','13:15:00',1,'2025-11-04 18:55:29'),(63,8,4,1063,NULL,'13:15:00','15:15:00',1,'2025-11-04 18:55:29'),(64,19,1,1064,45,'09:15:00','10:15:00',1,'2025-11-04 18:55:29'),(65,2,1,1065,22,'16:45:00','18:45:00',1,'2025-11-04 18:55:29'),(66,11,2,1066,10,'10:45:00','11:45:00',1,'2025-11-04 18:55:29'),(67,2,1,1067,11,'12:30:00','13:30:00',1,'2025-11-04 18:55:29'),(68,18,4,1068,5,'11:00:00','12:00:00',1,'2025-11-04 18:55:29'),(69,20,3,1069,2,'11:15:00','13:15:00',1,'2025-11-04 18:55:29'),(70,14,4,1070,6,'13:45:00','14:45:00',1,'2025-11-04 18:55:29'),(71,20,4,1071,50,'12:00:00','13:00:00',1,'2025-11-04 18:55:29'),(72,8,4,1072,48,'16:30:00','17:30:00',1,'2025-11-04 18:55:29'),(73,2,1,1073,41,'08:00:00','10:00:00',1,'2025-11-04 18:55:29'),(74,15,1,1074,43,'11:45:00','12:45:00',1,'2025-11-04 18:55:29'),(75,9,1,1075,36,'10:45:00','11:45:00',1,'2025-11-04 18:55:29'),(76,3,3,1076,47,'11:00:00','12:00:00',1,'2025-11-04 18:55:29'),(77,19,3,1077,7,'15:45:00','16:45:00',1,'2025-11-04 18:55:29'),(78,19,2,1078,16,'12:45:00','14:45:00',1,'2025-11-04 18:55:29'),(79,15,3,1079,6,'16:45:00','17:45:00',1,'2025-11-04 18:55:29'),(80,2,4,1080,21,'14:30:00','15:30:00',1,'2025-11-04 18:55:29');
/*!40000 ALTER TABLE `Course_Section` ENABLE KEYS */;
UNLOCK TABLES;

--
-- Table structure for table `Courses`
--

DROP TABLE IF EXISTS `Courses`;
/*!40101 SET @saved_cs_client     = @@character_set_client */;
/*!50503 SET character_set_client = utf8mb4 */;
CREATE TABLE `Courses` (
  `course_id` int(11) NOT NULL AUTO_INCREMENT,
  `course_name` varchar(255) NOT NULL,
  `course_description` mediumtext NOT NULL,
  `audit_user_id` int(11) NOT NULL,
  `audit_timestamp` timestamp NOT NULL DEFAULT current_timestamp() ON UPDATE current_timestamp(),
  PRIMARY KEY (`course_id`),
  KEY `course_name` (`course_name`)
) ENGINE=InnoDB AUTO_INCREMENT=21 DEFAULT CHARSET=utf8mb4 COLLATE=utf8mb4_general_ci;
/*!40101 SET character_set_client = @saved_cs_client */;

--
-- Dumping data for table `Courses`
--

LOCK TABLES `Courses` WRITE;
/*!40000 ALTER TABLE `Courses` DISABLE KEYS */;
INSERT INTO `Courses` VALUES (1,'CS101','Intro to Computer Science',1,'2025-11-04 18:55:24'),(2,'CS201','Data Structures',1,'2025-11-04 18:55:24'),(3,'MATH101','Calculus I',1,'2025-11-04 18:55:24'),(4,'MATH201','Linear Algebra',1,'2025-11-04 18:55:24'),(5,'PHY101','Physics I',1,'2025-11-04 18:55:24'),(6,'CHEM101','General Chemistry',1,'2025-11-04 18:55:24'),(7,'BIO101','Intro to Biology',1,'2025-11-04 18:55:24'),(8,'HIST101','World History',1,'2025-11-04 18:55:24'),(9,'ENG101','College Writing',1,'2025-11-04 18:55:24'),(10,'PHIL101','Intro to Philosophy',1,'2025-11-04 18:55:24'),(11,'ECON101','Principles of Economics',1,'2025-11-04 18:55:24'),(12,'PSY101','Intro to Psychology',1,'2025-11-04 18:55:24'),(13,'CS301','Algorithms',1,'2025-11-04 18:55:24'),(14,'CS302','Databases',1,'2025-11-04 18:55:24'),(15,'MATH301','Calculus II',1,'2025-11-04 18:55:24'),(16,'STAT201','Statistics',1,'2025-11-04 18:55:24'),(17,'CS401','Operating Systems',1,'2025-11-04 18:55:24'),(18,'ENG201','Literature',1,'2025-11-04 18:55:24'),(19,'BIO201','Genetics',1,'2025-11-04 18:55:24'),(20,'CHEM201','Organic Chemistry',1,'2025-11-04 18:55:24');
/*!40000 ALTER TABLE `Courses` ENABLE KEYS */;
UNLOCK TABLES;

--
-- Table structure for table `Dorm_room`
--

DROP TABLE IF EXISTS `Dorm_room`;
/*!40101 SET @saved_cs_client     = @@character_set_client */;
/*!50503 SET character_set_client = utf8mb4 */;
CREATE TABLE `Dorm_room` (
  `dorm_room_id` int(11) NOT NULL AUTO_INCREMENT,
  `dorm_number` int(11) DEFAULT NULL,
  `occupancy_limit` tinyint(4) NOT NULL,
  `occupied` tinyint(4) NOT NULL,
  `buidling_id` int(11) NOT NULL,
  `audit_user_id` int(11) NOT NULL,
  `audit_timestamp` timestamp NOT NULL DEFAULT current_timestamp() ON UPDATE current_timestamp(),
  KEY `fk_Dorm_room_Buidling1` (`dorm_room_id`),
  CONSTRAINT `fk_Dorm_room_Buidling1` FOREIGN KEY (`dorm_room_id`) REFERENCES `Building` (`building_id`) ON UPDATE CASCADE
) ENGINE=InnoDB AUTO_INCREMENT=11 DEFAULT CHARSET=utf8mb4 COLLATE=utf8mb4_general_ci;
/*!40101 SET character_set_client = @saved_cs_client */;

--
-- Dumping data for table `Dorm_room`
--

LOCK TABLES `Dorm_room` WRITE;
/*!40000 ALTER TABLE `Dorm_room` DISABLE KEYS */;
INSERT INTO `Dorm_room` VALUES (1,101,3,0,1,1,'2025-11-04 18:55:24'),(2,102,3,1,2,1,'2025-11-04 18:55:24'),(3,103,3,1,3,1,'2025-11-04 18:55:24'),(4,104,3,1,4,1,'2025-11-04 18:55:24'),(5,105,3,1,5,1,'2025-11-04 18:55:24'),(6,106,4,1,6,1,'2025-11-04 18:55:24'),(7,107,1,1,7,1,'2025-11-04 18:55:24'),(8,108,4,0,8,1,'2025-11-04 18:55:24'),(9,109,2,1,9,1,'2025-11-04 18:55:24'),(10,110,2,0,10,1,'2025-11-04 18:55:24');
/*!40000 ALTER TABLE `Dorm_room` ENABLE KEYS */;
UNLOCK TABLES;

--
-- Table structure for table `Enrollment`
--

DROP TABLE IF EXISTS `Enrollment`;
/*!40101 SET @saved_cs_client     = @@character_set_client */;
/*!50503 SET character_set_client = utf8mb4 */;
CREATE TABLE `Enrollment` (
  `enrollment_id` int(11) NOT NULL AUTO_INCREMENT,
  `student_id` int(11) NOT NULL,
  `section_id` int(11) NOT NULL,
  `grade` char(2) DEFAULT NULL,
  `audit_user_id` int(11) NOT NULL,
  `audit_timestamp` timestamp NOT NULL DEFAULT current_timestamp() ON UPDATE current_timestamp(),
  PRIMARY KEY (`enrollment_id`),
  KEY `fk_Enrollment_Students1_idx` (`student_id`),
  KEY `fk_Enrollment_Course_Section1_idx` (`section_id`),
  CONSTRAINT `fk_Enrollment_Course_Section1` FOREIGN KEY (`section_id`) REFERENCES `Course_Section` (`section_id`) ON DELETE NO ACTION ON UPDATE NO ACTION,
  CONSTRAINT `fk_Enrollment_Students1` FOREIGN KEY (`student_id`) REFERENCES `Students` (`student_id`) ON UPDATE CASCADE
) ENGINE=InnoDB AUTO_INCREMENT=721 DEFAULT CHARSET=utf8mb4 COLLATE=utf8mb4_general_ci;
/*!40101 SET character_set_client = @saved_cs_client */;

--
-- Dumping data for table `Enrollment`
--

LOCK TABLES `Enrollment` WRITE;
/*!40000 ALTER TABLE `Enrollment` DISABLE KEYS */;
INSERT INTO `Enrollment` VALUES (1,1,39,'F',1,'2025-11-04 18:55:30'),(2,1,30,'C+',1,'2025-11-04 18:55:30'),(3,1,48,'C',1,'2025-11-04 18:55:30'),(4,1,56,'C',1,'2025-11-04 18:55:30'),(5,2,25,'A-',1,'2025-11-04 18:55:30'),(6,2,15,'B+',1,'2025-11-04 18:55:30'),(7,2,46,'C+',1,'2025-11-04 18:55:30'),(8,2,62,NULL,1,'2025-11-04 18:55:30'),(9,2,79,'B-',1,'2025-11-04 18:55:30'),(10,2,57,'B+',1,'2025-11-04 18:55:30'),(11,3,38,'C',1,'2025-11-04 18:55:30'),(12,3,18,'C',1,'2025-11-04 18:55:30'),(13,3,6,'A-',1,'2025-11-04 18:55:30'),(14,3,36,'A',1,'2025-11-04 18:55:30'),(15,3,37,'B-',1,'2025-11-04 18:55:30'),(16,4,1,'B',1,'2025-11-04 18:55:30'),(17,4,59,'A-',1,'2025-11-04 18:55:30'),(18,4,40,'B-',1,'2025-11-04 18:55:30'),(19,4,74,'B+',1,'2025-11-04 18:55:30'),(20,4,60,'A',1,'2025-11-04 18:55:30'),(21,4,50,'F',1,'2025-11-04 18:55:30'),(22,5,36,'A-',1,'2025-11-04 18:55:30'),(23,5,38,'C',1,'2025-11-04 18:55:30'),(24,5,43,'B',1,'2025-11-04 18:55:30'),(25,5,78,'A-',1,'2025-11-04 18:55:30'),(26,6,10,'C',1,'2025-11-04 18:55:30'),(27,6,70,'B+',1,'2025-11-04 18:55:30'),(28,6,23,'B-',1,'2025-11-04 18:55:30'),(29,6,58,NULL,1,'2025-11-04 18:55:30'),(30,7,50,'A-',1,'2025-11-04 18:55:30'),(31,7,13,'C+',1,'2025-11-04 18:55:30'),(32,7,21,'B+',1,'2025-11-04 18:55:30'),(33,7,33,'B',1,'2025-11-04 18:55:30'),(34,7,27,'F',1,'2025-11-04 18:55:30'),(35,8,16,'D',1,'2025-11-04 18:55:30'),(36,8,40,'B-',1,'2025-11-04 18:55:30'),(37,8,15,'C',1,'2025-11-04 18:55:30'),(38,8,61,'A',1,'2025-11-04 18:55:30'),(39,8,38,'A-',1,'2025-11-04 18:55:30'),(40,8,8,'F',1,'2025-11-04 18:55:30'),(41,9,60,'C',1,'2025-11-04 18:55:30'),(42,9,54,'B+',1,'2025-11-04 18:55:30'),(43,9,4,'A-',1,'2025-11-04 18:55:30'),(44,9,13,'C+',1,'2025-11-04 18:55:30'),(45,9,38,'A',1,'2025-11-04 18:55:30'),(46,9,49,'F',1,'2025-11-04 18:55:30'),(47,10,79,'B',1,'2025-11-04 18:55:30'),(48,10,44,'B+',1,'2025-11-04 18:55:30'),(49,10,21,'D',1,'2025-11-04 18:55:30'),(50,10,1,'C+',1,'2025-11-04 18:55:30'),(51,10,46,'B+',1,'2025-11-04 18:55:30'),(52,11,8,'A-',1,'2025-11-04 18:55:30'),(53,11,15,'F',1,'2025-11-04 18:55:30'),(54,11,36,NULL,1,'2025-11-04 18:55:30'),(55,11,14,'A',1,'2025-11-04 18:55:30'),(56,11,4,'D',1,'2025-11-04 18:55:30'),(57,12,22,'B+',1,'2025-11-04 18:55:30'),(58,12,76,'C+',1,'2025-11-04 18:55:30'),(59,12,80,'F',1,'2025-11-04 18:55:30'),(60,12,57,'F',1,'2025-11-04 18:55:30'),(61,13,45,'A-',1,'2025-11-04 18:55:30'),(62,13,52,'F',1,'2025-11-04 18:55:30'),(63,13,59,NULL,1,'2025-11-04 18:55:30'),(64,13,66,'C',1,'2025-11-04 18:55:30'),(65,13,1,'B-',1,'2025-11-04 18:55:30'),(66,13,49,'C',1,'2025-11-04 18:55:30'),(67,14,13,'B-',1,'2025-11-04 18:55:30'),(68,14,77,NULL,1,'2025-11-04 18:55:30'),(69,14,49,'B+',1,'2025-11-04 18:55:30'),(70,14,9,'D',1,'2025-11-04 18:55:30'),(71,14,43,NULL,1,'2025-11-04 18:55:30'),(72,14,37,'A',1,'2025-11-04 18:55:30'),(73,15,27,'C+',1,'2025-11-04 18:55:30'),(74,15,9,'C',1,'2025-11-04 18:55:30'),(75,15,31,NULL,1,'2025-11-04 18:55:30'),(76,15,33,'A-',1,'2025-11-04 18:55:30'),(77,16,31,'A-',1,'2025-11-04 18:55:30'),(78,16,58,NULL,1,'2025-11-04 18:55:30'),(79,16,4,'D',1,'2025-11-04 18:55:30'),(80,16,24,'B',1,'2025-11-04 18:55:30'),(81,16,55,'D',1,'2025-11-04 18:55:30'),(82,16,22,'C+',1,'2025-11-04 18:55:30'),(83,17,24,'B+',1,'2025-11-04 18:55:30'),(84,17,29,'A',1,'2025-11-04 18:55:30'),(85,17,6,'A-',1,'2025-11-04 18:55:30'),(86,17,55,'C',1,'2025-11-04 18:55:30'),(87,17,30,'A',1,'2025-11-04 18:55:30'),(88,18,79,'B-',1,'2025-11-04 18:55:30'),(89,18,48,'A',1,'2025-11-04 18:55:30'),(90,18,37,'B-',1,'2025-11-04 18:55:30'),(91,18,73,NULL,1,'2025-11-04 18:55:30'),(92,18,36,'B-',1,'2025-11-04 18:55:30'),(93,18,65,'B+',1,'2025-11-04 18:55:30'),(94,19,15,NULL,1,'2025-11-04 18:55:30'),(95,19,41,'F',1,'2025-11-04 18:55:30'),(96,19,38,'B',1,'2025-11-04 18:55:30'),(97,19,69,'B-',1,'2025-11-04 18:55:30'),(98,19,80,'B+',1,'2025-11-04 18:55:30'),(99,20,52,'A-',1,'2025-11-04 18:55:30'),(100,20,72,'D',1,'2025-11-04 18:55:30'),(101,20,69,'B+',1,'2025-11-04 18:55:30'),(102,20,41,'A-',1,'2025-11-04 18:55:30'),(103,20,75,'B+',1,'2025-11-04 18:55:31'),(104,20,32,NULL,1,'2025-11-04 18:55:31'),(105,21,42,'A-',1,'2025-11-04 18:55:31'),(106,21,18,'A-',1,'2025-11-04 18:55:31'),(107,21,48,'F',1,'2025-11-04 18:55:31'),(108,21,25,'A',1,'2025-11-04 18:55:31'),(109,22,73,NULL,1,'2025-11-04 18:55:31'),(110,22,49,'C',1,'2025-11-04 18:55:31'),(111,22,69,NULL,1,'2025-11-04 18:55:31'),(112,22,58,NULL,1,'2025-11-04 18:55:31'),(113,23,8,'B',1,'2025-11-04 18:55:31'),(114,23,71,'A-',1,'2025-11-04 18:55:31'),(115,23,1,'B+',1,'2025-11-04 18:55:31'),(116,23,72,'D',1,'2025-11-04 18:55:31'),(117,24,18,'C+',1,'2025-11-04 18:55:31'),(118,24,51,'B-',1,'2025-11-04 18:55:31'),(119,24,38,'A-',1,'2025-11-04 18:55:31'),(120,24,43,NULL,1,'2025-11-04 18:55:31'),(121,24,60,'D',1,'2025-11-04 18:55:31'),(122,25,22,'C',1,'2025-11-04 18:55:31'),(123,25,33,'A',1,'2025-11-04 18:55:31'),(124,25,62,'C+',1,'2025-11-04 18:55:31'),(125,25,68,'C',1,'2025-11-04 18:55:31'),(126,25,74,'A',1,'2025-11-04 18:55:31'),(127,26,55,'B+',1,'2025-11-04 18:55:31'),(128,26,54,'A',1,'2025-11-04 18:55:31'),(129,26,50,'B',1,'2025-11-04 18:55:31'),(130,26,73,'C+',1,'2025-11-04 18:55:31'),(131,27,33,'C+',1,'2025-11-04 18:55:31'),(132,27,14,'F',1,'2025-11-04 18:55:31'),(133,27,70,'C+',1,'2025-11-04 18:55:31'),(134,27,40,'D',1,'2025-11-04 18:55:31'),(135,27,79,'F',1,'2025-11-04 18:55:31'),(136,28,21,'C+',1,'2025-11-04 18:55:31'),(137,28,29,'C+',1,'2025-11-04 18:55:31'),(138,28,44,NULL,1,'2025-11-04 18:55:31'),(139,28,8,'A-',1,'2025-11-04 18:55:31'),(140,29,2,'C+',1,'2025-11-04 18:55:31'),(141,29,17,'B-',1,'2025-11-04 18:55:31'),(142,29,38,'C',1,'2025-11-04 18:55:31'),(143,29,78,'B+',1,'2025-11-04 18:55:31'),(144,30,77,'B-',1,'2025-11-04 18:55:31'),(145,30,40,'A',1,'2025-11-04 18:55:31'),(146,30,7,'A-',1,'2025-11-04 18:55:31'),(147,30,58,'C+',1,'2025-11-04 18:55:31'),(148,30,75,'B',1,'2025-11-04 18:55:31'),(149,30,74,NULL,1,'2025-11-04 18:55:31'),(150,31,75,'C',1,'2025-11-04 18:55:31'),(151,31,14,'A-',1,'2025-11-04 18:55:31'),(152,31,21,'A',1,'2025-11-04 18:55:31'),(153,31,69,'A',1,'2025-11-04 18:55:31'),(154,31,41,'B',1,'2025-11-04 18:55:31'),(155,32,26,NULL,1,'2025-11-04 18:55:31'),(156,32,47,'B+',1,'2025-11-04 18:55:31'),(157,32,43,'D',1,'2025-11-04 18:55:31'),(158,32,34,'D',1,'2025-11-04 18:55:31'),(159,32,8,'B+',1,'2025-11-04 18:55:31'),(160,32,65,'B+',1,'2025-11-04 18:55:31'),(161,33,70,'B-',1,'2025-11-04 18:55:31'),(162,33,45,'C+',1,'2025-11-04 18:55:31'),(163,33,50,'B+',1,'2025-11-04 18:55:31'),(164,33,38,'C',1,'2025-11-04 18:55:31'),(165,33,53,'F',1,'2025-11-04 18:55:31'),(166,33,5,'B+',1,'2025-11-04 18:55:31'),(167,34,62,'A-',1,'2025-11-04 18:55:31'),(168,34,9,'C+',1,'2025-11-04 18:55:31'),(169,34,8,'A-',1,'2025-11-04 18:55:31'),(170,34,11,'B',1,'2025-11-04 18:55:31'),(171,34,24,'A',1,'2025-11-04 18:55:31'),(172,34,56,'A-',1,'2025-11-04 18:55:31'),(173,35,78,'A',1,'2025-11-04 18:55:31'),(174,35,3,NULL,1,'2025-11-04 18:55:31'),(175,35,73,'F',1,'2025-11-04 18:55:31'),(176,35,31,'B',1,'2025-11-04 18:55:31'),(177,35,80,'F',1,'2025-11-04 18:55:31'),(178,36,10,'A-',1,'2025-11-04 18:55:31'),(179,36,65,'B-',1,'2025-11-04 18:55:31'),(180,36,71,'F',1,'2025-11-04 18:55:31'),(181,36,45,'C',1,'2025-11-04 18:55:31'),(182,36,49,'B-',1,'2025-11-04 18:55:31'),(183,37,41,'C',1,'2025-11-04 18:55:31'),(184,37,30,'B-',1,'2025-11-04 18:55:31'),(185,37,73,'F',1,'2025-11-04 18:55:31'),(186,37,17,'B-',1,'2025-11-04 18:55:31'),(187,37,46,'A',1,'2025-11-04 18:55:31'),(188,38,31,'D',1,'2025-11-04 18:55:31'),(189,38,9,'A',1,'2025-11-04 18:55:31'),(190,38,22,'B+',1,'2025-11-04 18:55:31'),(191,38,27,'C',1,'2025-11-04 18:55:31'),(192,38,74,'B+',1,'2025-11-04 18:55:31'),(193,39,65,'D',1,'2025-11-04 18:55:31'),(194,39,20,'C+',1,'2025-11-04 18:55:31'),(195,39,17,NULL,1,'2025-11-04 18:55:31'),(196,39,22,'D',1,'2025-11-04 18:55:31'),(197,39,4,'C+',1,'2025-11-04 18:55:31'),(198,39,2,'B+',1,'2025-11-04 18:55:31'),(199,40,30,'A',1,'2025-11-04 18:55:31'),(200,40,61,'C+',1,'2025-11-04 18:55:31'),(201,40,1,NULL,1,'2025-11-04 18:55:31'),(202,40,34,'C+',1,'2025-11-04 18:55:31'),(203,40,7,'A-',1,'2025-11-04 18:55:31'),(204,40,50,'B-',1,'2025-11-04 18:55:31'),(205,41,76,'B',1,'2025-11-04 18:55:31'),(206,41,10,'B',1,'2025-11-04 18:55:32'),(207,41,30,'A',1,'2025-11-04 18:55:32'),(208,41,67,'B-',1,'2025-11-04 18:55:32'),(209,41,19,'A',1,'2025-11-04 18:55:32'),(210,41,12,'A',1,'2025-11-04 18:55:32'),(211,42,28,'D',1,'2025-11-04 18:55:32'),(212,42,17,'B+',1,'2025-11-04 18:55:32'),(213,42,50,'C',1,'2025-11-04 18:55:32'),(214,42,31,'D',1,'2025-11-04 18:55:32'),(215,42,61,'C+',1,'2025-11-04 18:55:32'),(216,43,33,'D',1,'2025-11-04 18:55:32'),(217,43,12,'C+',1,'2025-11-04 18:55:32'),(218,43,18,'A',1,'2025-11-04 18:55:32'),(219,43,27,'B-',1,'2025-11-04 18:55:32'),(220,43,19,'F',1,'2025-11-04 18:55:32'),(221,43,35,'A-',1,'2025-11-04 18:55:32'),(222,44,78,'C+',1,'2025-11-04 18:55:32'),(223,44,34,'A-',1,'2025-11-04 18:55:32'),(224,44,65,'F',1,'2025-11-04 18:55:32'),(225,44,43,'C',1,'2025-11-04 18:55:32'),(226,45,24,'D',1,'2025-11-04 18:55:32'),(227,45,14,'A',1,'2025-11-04 18:55:32'),(228,45,46,'A',1,'2025-11-04 18:55:32'),(229,45,41,'D',1,'2025-11-04 18:55:32'),(230,45,28,'C+',1,'2025-11-04 18:55:32'),(231,45,4,'D',1,'2025-11-04 18:55:32'),(232,46,70,'F',1,'2025-11-04 18:55:32'),(233,46,18,'B+',1,'2025-11-04 18:55:32'),(234,46,37,'B',1,'2025-11-04 18:55:32'),(235,46,40,'C+',1,'2025-11-04 18:55:32'),(236,46,10,'F',1,'2025-11-04 18:55:32'),(237,47,64,'F',1,'2025-11-04 18:55:32'),(238,47,18,'B',1,'2025-11-04 18:55:32'),(239,47,5,'C+',1,'2025-11-04 18:55:32'),(240,47,75,'B',1,'2025-11-04 18:55:32'),(241,47,38,NULL,1,'2025-11-04 18:55:32'),(242,47,55,'C',1,'2025-11-04 18:55:32'),(243,48,25,'B-',1,'2025-11-04 18:55:32'),(244,48,3,'C',1,'2025-11-04 18:55:32'),(245,48,27,'C',1,'2025-11-04 18:55:32'),(246,48,36,'C',1,'2025-11-04 18:55:32'),(247,48,49,'B',1,'2025-11-04 18:55:32'),(248,49,72,'B+',1,'2025-11-04 18:55:32'),(249,49,49,'B-',1,'2025-11-04 18:55:32'),(250,49,76,'B',1,'2025-11-04 18:55:32'),(251,49,70,'A-',1,'2025-11-04 18:55:32'),(252,49,53,'B-',1,'2025-11-04 18:55:32'),(253,50,67,'B-',1,'2025-11-04 18:55:32'),(254,50,19,'A',1,'2025-11-04 18:55:32'),(255,50,31,'B-',1,'2025-11-04 18:55:32'),(256,50,62,NULL,1,'2025-11-04 18:55:32'),(257,50,21,'B',1,'2025-11-04 18:55:32'),(258,50,41,'C',1,'2025-11-04 18:55:32'),(259,51,35,'C',1,'2025-11-04 18:55:32'),(260,51,51,'C',1,'2025-11-04 18:55:32'),(261,51,11,'C+',1,'2025-11-04 18:55:32'),(262,51,3,'B+',1,'2025-11-04 18:55:32'),(263,51,31,'A-',1,'2025-11-04 18:55:32'),(264,51,5,'A',1,'2025-11-04 18:55:32'),(265,52,23,'C+',1,'2025-11-04 18:55:32'),(266,52,37,'B+',1,'2025-11-04 18:55:32'),(267,52,61,'C+',1,'2025-11-04 18:55:32'),(268,52,38,'D',1,'2025-11-04 18:55:32'),(269,53,76,'A-',1,'2025-11-04 18:55:32'),(270,53,2,'B',1,'2025-11-04 18:55:32'),(271,53,35,'B+',1,'2025-11-04 18:55:32'),(272,53,10,'A',1,'2025-11-04 18:55:32'),(273,54,65,'A',1,'2025-11-04 18:55:32'),(274,54,16,'B',1,'2025-11-04 18:55:32'),(275,54,60,'C+',1,'2025-11-04 18:55:32'),(276,54,22,'B-',1,'2025-11-04 18:55:32'),(277,54,41,'B-',1,'2025-11-04 18:55:32'),(278,55,48,'B+',1,'2025-11-04 18:55:32'),(279,55,69,'D',1,'2025-11-04 18:55:32'),(280,55,44,'A',1,'2025-11-04 18:55:32'),(281,55,78,NULL,1,'2025-11-04 18:55:32'),(282,55,64,'A',1,'2025-11-04 18:55:32'),(283,55,32,NULL,1,'2025-11-04 18:55:32'),(284,56,60,'D',1,'2025-11-04 18:55:32'),(285,56,69,'B+',1,'2025-11-04 18:55:32'),(286,56,49,'C',1,'2025-11-04 18:55:32'),(287,56,53,'D',1,'2025-11-04 18:55:32'),(288,57,71,'F',1,'2025-11-04 18:55:32'),(289,57,17,'A',1,'2025-11-04 18:55:32'),(290,57,76,'B+',1,'2025-11-04 18:55:32'),(291,57,42,'D',1,'2025-11-04 18:55:32'),(292,57,38,'B-',1,'2025-11-04 18:55:32'),(293,57,65,'B',1,'2025-11-04 18:55:32'),(294,58,25,'B+',1,'2025-11-04 18:55:32'),(295,58,57,'B-',1,'2025-11-04 18:55:32'),(296,58,45,'B+',1,'2025-11-04 18:55:32'),(297,58,21,'B',1,'2025-11-04 18:55:32'),(298,58,19,'B',1,'2025-11-04 18:55:32'),(299,59,72,NULL,1,'2025-11-04 18:55:32'),(300,59,65,'B-',1,'2025-11-04 18:55:32'),(301,59,38,'A-',1,'2025-11-04 18:55:32'),(302,59,2,'A-',1,'2025-11-04 18:55:32'),(303,59,73,'B-',1,'2025-11-04 18:55:32'),(304,59,23,NULL,1,'2025-11-04 18:55:32'),(305,60,62,'D',1,'2025-11-04 18:55:32'),(306,60,33,'B+',1,'2025-11-04 18:55:32'),(307,60,52,NULL,1,'2025-11-04 18:55:32'),(308,60,18,'B',1,'2025-11-04 18:55:32'),(309,60,66,'D',1,'2025-11-04 18:55:32'),(310,60,40,'C',1,'2025-11-04 18:55:32'),(311,61,6,'C+',1,'2025-11-04 18:55:32'),(312,61,72,'D',1,'2025-11-04 18:55:32'),(313,61,14,'C',1,'2025-11-04 18:55:32'),(314,61,71,'C+',1,'2025-11-04 18:55:33'),(315,61,8,'F',1,'2025-11-04 18:55:33'),(316,62,33,'B-',1,'2025-11-04 18:55:33'),(317,62,76,'D',1,'2025-11-04 18:55:33'),(318,62,55,'A',1,'2025-11-04 18:55:33'),(319,62,10,'A',1,'2025-11-04 18:55:33'),(320,62,18,NULL,1,'2025-11-04 18:55:33'),(321,63,34,'A',1,'2025-11-04 18:55:33'),(322,63,10,'C',1,'2025-11-04 18:55:33'),(323,63,63,'B',1,'2025-11-04 18:55:33'),(324,63,44,'A-',1,'2025-11-04 18:55:33'),(325,64,42,'B+',1,'2025-11-04 18:55:33'),(326,64,54,'D',1,'2025-11-04 18:55:33'),(327,64,64,'F',1,'2025-11-04 18:55:33'),(328,64,27,'A-',1,'2025-11-04 18:55:33'),(329,64,13,'B+',1,'2025-11-04 18:55:33'),(330,64,1,'F',1,'2025-11-04 18:55:33'),(331,65,80,'A-',1,'2025-11-04 18:55:33'),(332,65,21,'F',1,'2025-11-04 18:55:33'),(333,65,52,'F',1,'2025-11-04 18:55:33'),(334,65,3,'D',1,'2025-11-04 18:55:33'),(335,65,65,'D',1,'2025-11-04 18:55:33'),(336,65,19,NULL,1,'2025-11-04 18:55:33'),(337,66,58,'C',1,'2025-11-04 18:55:33'),(338,66,47,'A',1,'2025-11-04 18:55:33'),(339,66,14,'A',1,'2025-11-04 18:55:33'),(340,66,31,'F',1,'2025-11-04 18:55:33'),(341,66,65,'B+',1,'2025-11-04 18:55:33'),(342,67,46,'B+',1,'2025-11-04 18:55:33'),(343,67,29,'C+',1,'2025-11-04 18:55:33'),(344,67,41,'C',1,'2025-11-04 18:55:33'),(345,67,73,NULL,1,'2025-11-04 18:55:33'),(346,67,22,'C',1,'2025-11-04 18:55:33'),(347,68,44,'C+',1,'2025-11-04 18:55:33'),(348,68,68,'C+',1,'2025-11-04 18:55:33'),(349,68,13,'B+',1,'2025-11-04 18:55:33'),(350,68,48,NULL,1,'2025-11-04 18:55:33'),(351,69,31,'B-',1,'2025-11-04 18:55:33'),(352,69,71,'D',1,'2025-11-04 18:55:33'),(353,69,57,'C+',1,'2025-11-04 18:55:33'),(354,69,32,'A-',1,'2025-11-04 18:55:33'),(355,69,28,'D',1,'2025-11-04 18:55:33'),(356,69,74,'A',1,'2025-11-04 18:55:33'),(357,70,32,'A-',1,'2025-11-04 18:55:33'),(358,70,10,'B',1,'2025-11-04 18:55:33'),(359,70,15,'B-',1,'2025-11-04 18:55:33'),(360,70,3,'B',1,'2025-11-04 18:55:33'),(361,71,11,'B-',1,'2025-11-04 18:55:33'),(362,71,6,'F',1,'2025-11-04 18:55:33'),(363,71,16,'C',1,'2025-11-04 18:55:33'),(364,71,79,'D',1,'2025-11-04 18:55:33'),(365,71,17,'B-',1,'2025-11-04 18:55:33'),(366,71,56,'C+',1,'2025-11-04 18:55:33'),(367,72,78,'B',1,'2025-11-04 18:55:33'),(368,72,16,'C',1,'2025-11-04 18:55:33'),(369,72,17,'A',1,'2025-11-04 18:55:33'),(370,72,69,'B-',1,'2025-11-04 18:55:33'),(371,72,32,NULL,1,'2025-11-04 18:55:33'),(372,73,17,NULL,1,'2025-11-04 18:55:33'),(373,73,29,'B+',1,'2025-11-04 18:55:33'),(374,73,69,'A-',1,'2025-11-04 18:55:33'),(375,73,50,NULL,1,'2025-11-04 18:55:33'),(376,73,36,'C+',1,'2025-11-04 18:55:33'),(377,74,71,'B',1,'2025-11-04 18:55:33'),(378,74,44,NULL,1,'2025-11-04 18:55:33'),(379,74,1,'A-',1,'2025-11-04 18:55:33'),(380,74,22,'A',1,'2025-11-04 18:55:33'),(381,75,61,'B',1,'2025-11-04 18:55:33'),(382,75,36,'C',1,'2025-11-04 18:55:33'),(383,75,28,'B-',1,'2025-11-04 18:55:33'),(384,75,29,'B-',1,'2025-11-04 18:55:33'),(385,75,41,'B',1,'2025-11-04 18:55:33'),(386,75,11,'C+',1,'2025-11-04 18:55:33'),(387,76,50,'C+',1,'2025-11-04 18:55:33'),(388,76,57,'C',1,'2025-11-04 18:55:33'),(389,76,47,'A-',1,'2025-11-04 18:55:33'),(390,76,24,'F',1,'2025-11-04 18:55:33'),(391,77,69,'C+',1,'2025-11-04 18:55:33'),(392,77,67,'B-',1,'2025-11-04 18:55:33'),(393,77,19,'C',1,'2025-11-04 18:55:33'),(394,77,46,'B',1,'2025-11-04 18:55:33'),(395,77,22,'B+',1,'2025-11-04 18:55:33'),(396,78,75,'A',1,'2025-11-04 18:55:33'),(397,78,40,'C+',1,'2025-11-04 18:55:33'),(398,78,50,'B+',1,'2025-11-04 18:55:33'),(399,78,76,'B+',1,'2025-11-04 18:55:33'),(400,78,15,'B',1,'2025-11-04 18:55:33'),(401,78,39,'B-',1,'2025-11-04 18:55:33'),(402,79,71,'C',1,'2025-11-04 18:55:33'),(403,79,16,'C',1,'2025-11-04 18:55:33'),(404,79,15,'C',1,'2025-11-04 18:55:33'),(405,79,53,'A-',1,'2025-11-04 18:55:33'),(406,79,78,'C',1,'2025-11-04 18:55:33'),(407,79,58,'D',1,'2025-11-04 18:55:33'),(408,80,69,'C+',1,'2025-11-04 18:55:33'),(409,80,33,'B',1,'2025-11-04 18:55:33'),(410,80,2,'C+',1,'2025-11-04 18:55:33'),(411,80,18,'D',1,'2025-11-04 18:55:33'),(412,81,23,'D',1,'2025-11-04 18:55:34'),(413,81,2,'C+',1,'2025-11-04 18:55:34'),(414,81,67,NULL,1,'2025-11-04 18:55:34'),(415,81,19,'D',1,'2025-11-04 18:55:34'),(416,81,58,'B-',1,'2025-11-04 18:55:34'),(417,81,24,'A',1,'2025-11-04 18:55:34'),(418,82,77,'C+',1,'2025-11-04 18:55:34'),(419,82,19,'C',1,'2025-11-04 18:55:34'),(420,82,30,'C',1,'2025-11-04 18:55:34'),(421,82,61,'A-',1,'2025-11-04 18:55:34'),(422,82,53,'C',1,'2025-11-04 18:55:34'),(423,83,16,'B+',1,'2025-11-04 18:55:34'),(424,83,46,'F',1,'2025-11-04 18:55:34'),(425,83,7,'C+',1,'2025-11-04 18:55:34'),(426,83,3,'B+',1,'2025-11-04 18:55:34'),(427,84,10,'D',1,'2025-11-04 18:55:34'),(428,84,36,NULL,1,'2025-11-04 18:55:34'),(429,84,42,NULL,1,'2025-11-04 18:55:34'),(430,84,56,'B-',1,'2025-11-04 18:55:34'),(431,85,48,'A',1,'2025-11-04 18:55:34'),(432,85,35,'B',1,'2025-11-04 18:55:34'),(433,85,70,'B',1,'2025-11-04 18:55:34'),(434,85,49,'B',1,'2025-11-04 18:55:34'),(435,85,50,'D',1,'2025-11-04 18:55:34'),(436,85,21,'A',1,'2025-11-04 18:55:34'),(437,86,16,'C',1,'2025-11-04 18:55:34'),(438,86,36,'F',1,'2025-11-04 18:55:34'),(439,86,38,'C+',1,'2025-11-04 18:55:34'),(440,86,22,'A',1,'2025-11-04 18:55:34'),(441,87,56,'F',1,'2025-11-04 18:55:34'),(442,87,30,'C',1,'2025-11-04 18:55:34'),(443,87,80,'A',1,'2025-11-04 18:55:34'),(444,87,63,'B+',1,'2025-11-04 18:55:34'),(445,87,58,'F',1,'2025-11-04 18:55:34'),(446,88,20,NULL,1,'2025-11-04 18:55:34'),(447,88,50,'B-',1,'2025-11-04 18:55:34'),(448,88,60,'A',1,'2025-11-04 18:55:34'),(449,88,51,'A-',1,'2025-11-04 18:55:34'),(450,89,13,NULL,1,'2025-11-04 18:55:34'),(451,89,7,'F',1,'2025-11-04 18:55:34'),(452,89,64,NULL,1,'2025-11-04 18:55:34'),(453,89,77,'C',1,'2025-11-04 18:55:34'),(454,89,1,'D',1,'2025-11-04 18:55:34'),(455,90,28,'B',1,'2025-11-04 18:55:34'),(456,90,61,'C',1,'2025-11-04 18:55:34'),(457,90,45,'A',1,'2025-11-04 18:55:34'),(458,90,57,'B+',1,'2025-11-04 18:55:34'),(459,90,54,'B',1,'2025-11-04 18:55:34'),(460,90,51,'C+',1,'2025-11-04 18:55:34'),(461,91,40,'B',1,'2025-11-04 18:55:34'),(462,91,55,'A',1,'2025-11-04 18:55:34'),(463,91,75,NULL,1,'2025-11-04 18:55:34'),(464,91,52,'D',1,'2025-11-04 18:55:34'),(465,91,62,NULL,1,'2025-11-04 18:55:34'),(466,92,10,'D',1,'2025-11-04 18:55:34'),(467,92,14,'A-',1,'2025-11-04 18:55:34'),(468,92,77,'B',1,'2025-11-04 18:55:34'),(469,92,33,'A-',1,'2025-11-04 18:55:34'),(470,93,26,'B',1,'2025-11-04 18:55:34'),(471,93,12,'B-',1,'2025-11-04 18:55:34'),(472,93,39,NULL,1,'2025-11-04 18:55:34'),(473,93,41,'A',1,'2025-11-04 18:55:34'),(474,93,63,'B-',1,'2025-11-04 18:55:34'),(475,93,14,'B',1,'2025-11-04 18:55:34'),(476,94,33,'C+',1,'2025-11-04 18:55:34'),(477,94,48,'A',1,'2025-11-04 18:55:34'),(478,94,42,'C',1,'2025-11-04 18:55:34'),(479,94,50,'C',1,'2025-11-04 18:55:34'),(480,94,3,'F',1,'2025-11-04 18:55:34'),(481,95,41,'C',1,'2025-11-04 18:55:34'),(482,95,48,'D',1,'2025-11-04 18:55:34'),(483,95,57,'C',1,'2025-11-04 18:55:34'),(484,95,79,'B+',1,'2025-11-04 18:55:34'),(485,96,34,NULL,1,'2025-11-04 18:55:34'),(486,96,40,'B',1,'2025-11-04 18:55:34'),(487,96,24,'C+',1,'2025-11-04 18:55:34'),(488,96,1,'B+',1,'2025-11-04 18:55:34'),(489,96,75,NULL,1,'2025-11-04 18:55:34'),(490,96,68,'C',1,'2025-11-04 18:55:34'),(491,97,37,'C',1,'2025-11-04 18:55:34'),(492,97,42,'C+',1,'2025-11-04 18:55:34'),(493,97,24,'F',1,'2025-11-04 18:55:34'),(494,97,52,'D',1,'2025-11-04 18:55:34'),(495,97,45,'D',1,'2025-11-04 18:55:34'),(496,98,73,'B',1,'2025-11-04 18:55:34'),(497,98,46,NULL,1,'2025-11-04 18:55:34'),(498,98,16,NULL,1,'2025-11-04 18:55:34'),(499,98,72,NULL,1,'2025-11-04 18:55:34'),(500,98,21,'F',1,'2025-11-04 18:55:34'),(501,99,77,'B-',1,'2025-11-04 18:55:34'),(502,99,58,'B+',1,'2025-11-04 18:55:34'),(503,99,3,'A',1,'2025-11-04 18:55:34'),(504,99,18,'B',1,'2025-11-04 18:55:34'),(505,99,45,'B',1,'2025-11-04 18:55:34'),(506,99,36,'A-',1,'2025-11-04 18:55:34'),(507,100,8,'C',1,'2025-11-04 18:55:34'),(508,100,39,'A-',1,'2025-11-04 18:55:34'),(509,100,66,NULL,1,'2025-11-04 18:55:34'),(510,100,64,'A-',1,'2025-11-04 18:55:34'),(511,100,53,'C',1,'2025-11-04 18:55:34'),(512,101,77,'B',1,'2025-11-04 18:55:34'),(513,101,69,'B-',1,'2025-11-04 18:55:34'),(514,101,70,'F',1,'2025-11-04 18:55:34'),(515,101,30,'C+',1,'2025-11-04 18:55:34'),(516,101,49,'F',1,'2025-11-04 18:55:34'),(517,102,69,'C',1,'2025-11-04 18:55:34'),(518,102,26,NULL,1,'2025-11-04 18:55:34'),(519,102,43,NULL,1,'2025-11-04 18:55:34'),(520,102,36,'C+',1,'2025-11-04 18:55:34'),(521,102,67,'C+',1,'2025-11-04 18:55:34'),(522,102,21,'B+',1,'2025-11-04 18:55:34'),(523,103,25,'F',1,'2025-11-04 18:55:34'),(524,103,11,NULL,1,'2025-11-04 18:55:35'),(525,103,74,'B',1,'2025-11-04 18:55:35'),(526,103,70,'F',1,'2025-11-04 18:55:35'),(527,104,54,'C',1,'2025-11-04 18:55:35'),(528,104,5,'C',1,'2025-11-04 18:55:35'),(529,104,48,NULL,1,'2025-11-04 18:55:35'),(530,104,18,'C+',1,'2025-11-04 18:55:35'),(531,104,33,NULL,1,'2025-11-04 18:55:35'),(532,105,36,'D',1,'2025-11-04 18:55:35'),(533,105,38,'A',1,'2025-11-04 18:55:35'),(534,105,60,NULL,1,'2025-11-04 18:55:35'),(535,105,40,'A-',1,'2025-11-04 18:55:35'),(536,105,57,'A',1,'2025-11-04 18:55:35'),(537,105,76,'C',1,'2025-11-04 18:55:35'),(538,106,49,'F',1,'2025-11-04 18:55:35'),(539,106,5,NULL,1,'2025-11-04 18:55:35'),(540,106,62,'C+',1,'2025-11-04 18:55:35'),(541,106,60,'C',1,'2025-11-04 18:55:35'),(542,107,61,'B-',1,'2025-11-04 18:55:35'),(543,107,27,'A-',1,'2025-11-04 18:55:35'),(544,107,51,'C+',1,'2025-11-04 18:55:35'),(545,107,53,'B-',1,'2025-11-04 18:55:35'),(546,107,23,'A-',1,'2025-11-04 18:55:35'),(547,107,49,NULL,1,'2025-11-04 18:55:35'),(548,108,22,'B',1,'2025-11-04 18:55:35'),(549,108,7,'D',1,'2025-11-04 18:55:35'),(550,108,62,'A-',1,'2025-11-04 18:55:35'),(551,108,42,'B-',1,'2025-11-04 18:55:35'),(552,108,40,'C+',1,'2025-11-04 18:55:35'),(553,108,43,'B',1,'2025-11-04 18:55:35'),(554,109,8,'D',1,'2025-11-04 18:55:35'),(555,109,47,'D',1,'2025-11-04 18:55:35'),(556,109,76,'B',1,'2025-11-04 18:55:35'),(557,109,22,'D',1,'2025-11-04 18:55:35'),(558,110,76,'C',1,'2025-11-04 18:55:35'),(559,110,66,'A-',1,'2025-11-04 18:55:35'),(560,110,47,'F',1,'2025-11-04 18:55:35'),(561,110,15,'A-',1,'2025-11-04 18:55:35'),(562,110,80,NULL,1,'2025-11-04 18:55:35'),(563,110,59,NULL,1,'2025-11-04 18:55:35'),(564,111,4,'F',1,'2025-11-04 18:55:35'),(565,111,33,'A',1,'2025-11-04 18:55:35'),(566,111,2,'B',1,'2025-11-04 18:55:35'),(567,111,22,'D',1,'2025-11-04 18:55:35'),(568,111,56,'B',1,'2025-11-04 18:55:35'),(569,111,78,'A-',1,'2025-11-04 18:55:35'),(570,112,66,'C+',1,'2025-11-04 18:55:35'),(571,112,77,'B+',1,'2025-11-04 18:55:35'),(572,112,1,'C',1,'2025-11-04 18:55:35'),(573,112,47,'B-',1,'2025-11-04 18:55:35'),(574,113,56,'F',1,'2025-11-04 18:55:35'),(575,113,35,'C',1,'2025-11-04 18:55:35'),(576,113,70,NULL,1,'2025-11-04 18:55:35'),(577,113,7,'C+',1,'2025-11-04 18:55:35'),(578,114,57,'C+',1,'2025-11-04 18:55:35'),(579,114,48,'B+',1,'2025-11-04 18:55:35'),(580,114,58,'A',1,'2025-11-04 18:55:35'),(581,114,65,'A-',1,'2025-11-04 18:55:35'),(582,114,30,'B+',1,'2025-11-04 18:55:35'),(583,114,60,'F',1,'2025-11-04 18:55:35'),(584,115,23,'B-',1,'2025-11-04 18:55:35'),(585,115,10,'C',1,'2025-11-04 18:55:35'),(586,115,6,'A-',1,'2025-11-04 18:55:35'),(587,115,41,NULL,1,'2025-11-04 18:55:35'),(588,115,4,'B+',1,'2025-11-04 18:55:35'),(589,116,10,'D',1,'2025-11-04 18:55:35'),(590,116,52,'A',1,'2025-11-04 18:55:35'),(591,116,6,'B+',1,'2025-11-04 18:55:35'),(592,116,75,'B-',1,'2025-11-04 18:55:35'),(593,117,39,'B-',1,'2025-11-04 18:55:35'),(594,117,76,'C',1,'2025-11-04 18:55:35'),(595,117,75,'C+',1,'2025-11-04 18:55:35'),(596,117,52,'B+',1,'2025-11-04 18:55:35'),(597,117,47,'B-',1,'2025-11-04 18:55:35'),(598,118,25,NULL,1,'2025-11-04 18:55:35'),(599,118,3,'A-',1,'2025-11-04 18:55:35'),(600,118,51,'A-',1,'2025-11-04 18:55:35'),(601,118,80,'D',1,'2025-11-04 18:55:35'),(602,118,76,NULL,1,'2025-11-04 18:55:35'),(603,119,25,NULL,1,'2025-11-04 18:55:35'),(604,119,69,'C',1,'2025-11-04 18:55:35'),(605,119,6,'F',1,'2025-11-04 18:55:35'),(606,119,63,'A',1,'2025-11-04 18:55:35'),(607,120,70,'D',1,'2025-11-04 18:55:35'),(608,120,67,'F',1,'2025-11-04 18:55:35'),(609,120,47,'D',1,'2025-11-04 18:55:35'),(610,120,30,'B-',1,'2025-11-04 18:55:35'),(611,120,46,'B+',1,'2025-11-04 18:55:35'),(612,121,63,'D',1,'2025-11-04 18:55:35'),(613,121,35,'D',1,'2025-11-04 18:55:35'),(614,121,23,'F',1,'2025-11-04 18:55:35'),(615,121,19,'F',1,'2025-11-04 18:55:35'),(616,121,6,'B',1,'2025-11-04 18:55:35'),(617,122,43,NULL,1,'2025-11-04 18:55:35'),(618,122,21,'B-',1,'2025-11-04 18:55:35'),(619,122,34,'B+',1,'2025-11-04 18:55:35'),(620,122,40,'A',1,'2025-11-04 18:55:35'),(621,122,42,'C',1,'2025-11-04 18:55:35'),(622,123,68,'F',1,'2025-11-04 18:55:35'),(623,123,67,'B-',1,'2025-11-04 18:55:35'),(624,123,36,'A-',1,'2025-11-04 18:55:35'),(625,123,33,'A',1,'2025-11-04 18:55:35'),(626,123,41,'B-',1,'2025-11-04 18:55:36'),(627,123,32,'B',1,'2025-11-04 18:55:36'),(628,124,7,'C+',1,'2025-11-04 18:55:36'),(629,124,51,'C+',1,'2025-11-04 18:55:36'),(630,124,54,'F',1,'2025-11-04 18:55:36'),(631,124,80,'F',1,'2025-11-04 18:55:36'),(632,124,12,'A',1,'2025-11-04 18:55:36'),(633,125,75,'B+',1,'2025-11-04 18:55:36'),(634,125,13,'B',1,'2025-11-04 18:55:36'),(635,125,37,NULL,1,'2025-11-04 18:55:36'),(636,125,30,'C+',1,'2025-11-04 18:55:36'),(637,125,34,'B+',1,'2025-11-04 18:55:36'),(638,126,45,NULL,1,'2025-11-04 18:55:36'),(639,126,57,'B',1,'2025-11-04 18:55:36'),(640,126,6,NULL,1,'2025-11-04 18:55:36'),(641,126,64,'B-',1,'2025-11-04 18:55:36'),(642,126,40,'B+',1,'2025-11-04 18:55:36'),(643,126,55,NULL,1,'2025-11-04 18:55:36'),(644,127,45,'B+',1,'2025-11-04 18:55:36'),(645,127,1,'A',1,'2025-11-04 18:55:36'),(646,127,54,'B-',1,'2025-11-04 18:55:36'),(647,127,50,'A',1,'2025-11-04 18:55:36'),(648,127,26,'C',1,'2025-11-04 18:55:36'),(649,127,61,'B+',1,'2025-11-04 18:55:36'),(650,128,23,'D',1,'2025-11-04 18:55:36'),(651,128,78,'C',1,'2025-11-04 18:55:36'),(652,128,41,'F',1,'2025-11-04 18:55:36'),(653,128,66,'C',1,'2025-11-04 18:55:36'),(654,128,65,'C',1,'2025-11-04 18:55:36'),(655,128,53,'A-',1,'2025-11-04 18:55:36'),(656,129,79,NULL,1,'2025-11-04 18:55:36'),(657,129,39,NULL,1,'2025-11-04 18:55:36'),(658,129,23,'A',1,'2025-11-04 18:55:36'),(659,129,21,'B-',1,'2025-11-04 18:55:36'),(660,129,76,'B+',1,'2025-11-04 18:55:36'),(661,130,40,'C',1,'2025-11-04 18:55:36'),(662,130,49,'B-',1,'2025-11-04 18:55:36'),(663,130,28,'D',1,'2025-11-04 18:55:36'),(664,130,59,'F',1,'2025-11-04 18:55:36'),(665,131,49,NULL,1,'2025-11-04 18:55:36'),(666,131,2,'C+',1,'2025-11-04 18:55:36'),(667,131,34,'B+',1,'2025-11-04 18:55:36'),(668,131,71,'B',1,'2025-11-04 18:55:36'),(669,131,18,'D',1,'2025-11-04 18:55:36'),(670,131,6,NULL,1,'2025-11-04 18:55:36'),(671,132,72,'B-',1,'2025-11-04 18:55:36'),(672,132,41,'C+',1,'2025-11-04 18:55:36'),(673,132,42,'C',1,'2025-11-04 18:55:36'),(674,132,18,'B+',1,'2025-11-04 18:55:36'),(675,132,40,'B+',1,'2025-11-04 18:55:36'),(676,132,11,'F',1,'2025-11-04 18:55:36'),(677,133,65,'A',1,'2025-11-04 18:55:36'),(678,133,2,'C+',1,'2025-11-04 18:55:36'),(679,133,28,'D',1,'2025-11-04 18:55:36'),(680,133,78,'A',1,'2025-11-04 18:55:36'),(681,134,29,NULL,1,'2025-11-04 18:55:36'),(682,134,17,'C',1,'2025-11-04 18:55:36'),(683,134,40,'B-',1,'2025-11-04 18:55:36'),(684,134,65,'B-',1,'2025-11-04 18:55:36'),(685,134,28,'C',1,'2025-11-04 18:55:36'),(686,134,72,'B-',1,'2025-11-04 18:55:36'),(687,135,72,'C+',1,'2025-11-04 18:55:36'),(688,135,32,'A',1,'2025-11-04 18:55:36'),(689,135,6,'B',1,'2025-11-04 18:55:36'),(690,135,63,'F',1,'2025-11-04 18:55:36'),(691,135,23,'A-',1,'2025-11-04 18:55:36'),(692,135,24,'A-',1,'2025-11-04 18:55:36'),(693,136,36,NULL,1,'2025-11-04 18:55:36'),(694,136,11,'C',1,'2025-11-04 18:55:36'),(695,136,6,'B-',1,'2025-11-04 18:55:36'),(696,136,74,NULL,1,'2025-11-04 18:55:36'),(697,136,50,'B',1,'2025-11-04 18:55:36'),(698,136,41,'B',1,'2025-11-04 18:55:36'),(699,137,32,'A',1,'2025-11-04 18:55:36'),(700,137,45,'B',1,'2025-11-04 18:55:36'),(701,137,9,'B',1,'2025-11-04 18:55:36'),(702,137,50,'A-',1,'2025-11-04 18:55:36'),(703,137,56,'D',1,'2025-11-04 18:55:36'),(704,138,16,'C',1,'2025-11-04 18:55:36'),(705,138,61,NULL,1,'2025-11-04 18:55:36'),(706,138,44,'B+',1,'2025-11-04 18:55:36'),(707,138,3,'B+',1,'2025-11-04 18:55:36'),(708,138,65,'C',1,'2025-11-04 18:55:36'),(709,138,20,'B-',1,'2025-11-04 18:55:36'),(710,139,13,'A-',1,'2025-11-04 18:55:36'),(711,139,80,'B+',1,'2025-11-04 18:55:36'),(712,139,73,'B-',1,'2025-11-04 18:55:36'),(713,139,22,'B-',1,'2025-11-04 18:55:36'),(714,139,31,'A-',1,'2025-11-04 18:55:36'),(715,139,25,'C+',1,'2025-11-04 18:55:36'),(716,140,21,'F',1,'2025-11-04 18:55:36'),(717,140,22,'B-',1,'2025-11-04 18:55:36'),(718,140,39,'D',1,'2025-11-04 18:55:36'),(719,140,59,'A-',1,'2025-11-04 18:55:36'),(720,140,31,'F',1,'2025-11-04 18:55:36');
/*!40000 ALTER TABLE `Enrollment` ENABLE KEYS */;
UNLOCK TABLES;

--
-- Table structure for table `Faculty`
--

DROP TABLE IF EXISTS `Faculty`;
/*!40101 SET @saved_cs_client     = @@character_set_client */;
/*!50503 SET character_set_client = utf8mb4 */;
CREATE TABLE `Faculty` (
  `faculty_id` int(11) NOT NULL AUTO_INCREMENT,
  `people_id` int(11) NOT NULL,
  `office_number` int(11) NOT NULL,
  `department` varchar(255) NOT NULL,
  `audit_user_id` int(11) NOT NULL,
  `audit_timestamp` timestamp NOT NULL DEFAULT current_timestamp() ON UPDATE current_timestamp(),
  PRIMARY KEY (`faculty_id`),
  UNIQUE KEY `people_id_UNIQUE` (`people_id`),
  KEY `fk_Faculty_Room1_idx` (`office_number`),
  CONSTRAINT `fk_Facuilty_People1` FOREIGN KEY (`people_id`) REFERENCES `People` (`people_id`) ON UPDATE CASCADE,
  CONSTRAINT `fk_Faculty_Room1` FOREIGN KEY (`office_number`) REFERENCES `Room` (`room_number`) ON UPDATE CASCADE
) ENGINE=InnoDB AUTO_INCREMENT=51 DEFAULT CHARSET=utf8mb4 COLLATE=utf8mb4_general_ci;
/*!40101 SET character_set_client = @saved_cs_client */;

--
-- Dumping data for table `Faculty`
--

LOCK TABLES `Faculty` WRITE;
/*!40000 ALTER TABLE `Faculty` DISABLE KEYS */;
INSERT INTO `Faculty` VALUES (1,6,77,'History',1,'2025-11-04 18:55:28'),(2,7,80,'Biology',1,'2025-11-04 18:55:28'),(3,10,7,'Computer Science',1,'2025-11-04 18:55:28'),(4,12,78,'Philosophy',1,'2025-11-04 18:55:28'),(5,19,70,'Mathematics',1,'2025-11-04 18:55:28'),(6,20,66,'Economics',1,'2025-11-04 18:55:28'),(7,27,38,'Biology',1,'2025-11-04 18:55:28'),(8,34,22,'Computer Science',1,'2025-11-04 18:55:28'),(9,36,41,'Mathematics',1,'2025-11-04 18:55:28'),(10,38,98,'Biology',1,'2025-11-04 18:55:28'),(11,40,33,'English',1,'2025-11-04 18:55:28'),(12,42,42,'History',1,'2025-11-04 18:55:28'),(13,44,68,'Chemistry',1,'2025-11-04 18:55:28'),(14,45,46,'Philosophy',1,'2025-11-04 18:55:28'),(15,60,52,'History',1,'2025-11-04 18:55:28'),(16,65,24,'Psychology',1,'2025-11-04 18:55:28'),(17,76,31,'Economics',1,'2025-11-04 18:55:28'),(18,85,11,'Psychology',1,'2025-11-04 18:55:28'),(19,88,17,'Economics',1,'2025-11-04 18:55:28'),(20,91,86,'Chemistry',1,'2025-11-04 18:55:28'),(21,93,74,'Biology',1,'2025-11-04 18:55:28'),(22,97,45,'Philosophy',1,'2025-11-04 18:55:28'),(23,99,23,'Chemistry',1,'2025-11-04 18:55:28'),(24,104,59,'History',1,'2025-11-04 18:55:28'),(25,108,25,'Psychology',1,'2025-11-04 18:55:28'),(26,109,12,'Chemistry',1,'2025-11-04 18:55:28'),(27,114,44,'History',1,'2025-11-04 18:55:28'),(28,121,4,'Computer Science',1,'2025-11-04 18:55:28'),(29,126,53,'Chemistry',1,'2025-11-04 18:55:28'),(30,131,34,'Biology',1,'2025-11-04 18:55:28'),(31,133,71,'Economics',1,'2025-11-04 18:55:28'),(32,139,69,'Biology',1,'2025-11-04 18:55:28'),(33,142,35,'History',1,'2025-11-04 18:55:28'),(34,143,97,'Biology',1,'2025-11-04 18:55:28'),(35,149,61,'Economics',1,'2025-11-04 18:55:28'),(36,155,93,'History',1,'2025-11-04 18:55:28'),(37,162,89,'Economics',1,'2025-11-04 18:55:28'),(38,164,28,'Philosophy',1,'2025-11-04 18:55:28'),(39,173,18,'Biology',1,'2025-11-04 18:55:28'),(40,175,37,'English',1,'2025-11-04 18:55:28'),(41,177,92,'History',1,'2025-11-04 18:55:28'),(42,182,49,'Psychology',1,'2025-11-04 18:55:28'),(43,183,10,'Computer Science',1,'2025-11-04 18:55:28'),(44,184,91,'Computer Science',1,'2025-11-04 18:55:28'),(45,189,75,'Psychology',1,'2025-11-04 18:55:28'),(46,193,50,'Economics',1,'2025-11-04 18:55:28'),(47,195,81,'Philosophy',1,'2025-11-04 18:55:28'),(48,197,9,'History',1,'2025-11-04 18:55:28'),(49,198,65,'Philosophy',1,'2025-11-04 18:55:28'),(50,200,54,'Biology',1,'2025-11-04 18:55:28');
/*!40000 ALTER TABLE `Faculty` ENABLE KEYS */;
UNLOCK TABLES;

--
-- Table structure for table `People`
--

DROP TABLE IF EXISTS `People`;
/*!40101 SET @saved_cs_client     = @@character_set_client */;
/*!50503 SET character_set_client = utf8mb4 */;
CREATE TABLE `People` (
  `people_id` int(11) NOT NULL AUTO_INCREMENT,
  `first_name` varchar(255) NOT NULL,
  `last_name` varchar(255) NOT NULL,
  `email` varchar(255) DEFAULT NULL,
  `phone_number` varchar(255) DEFAULT NULL,
  `address` varchar(255) DEFAULT NULL,
  `audit_user_id` int(11) NOT NULL,
  `audit_timestamp` timestamp NOT NULL DEFAULT current_timestamp() ON UPDATE current_timestamp(),
  PRIMARY KEY (`people_id`),
  KEY `person_first_name` (`first_name`),
  KEY `person_last_name` (`last_name`)
) ENGINE=InnoDB AUTO_INCREMENT=201 DEFAULT CHARSET=utf8mb4 COLLATE=utf8mb4_general_ci;
/*!40101 SET character_set_client = @saved_cs_client */;

--
-- Dumping data for table `People`
--

LOCK TABLES `People` WRITE;
/*!40000 ALTER TABLE `People` DISABLE KEYS */;
INSERT INTO `People` VALUES (1,'Carol','Green','carol.green1@example.edu','555-101-103','101 College Ave, City2, ST',1,'2025-11-04 18:55:24'),(2,'Jennifer','Johnson','jennifer.johnson2@example.edu','555-102-106','102 College Ave, City3, ST',1,'2025-11-04 18:55:24'),(3,'Linda','Hill','linda.hill3@example.edu','555-103-109','103 College Ave, City4, ST',1,'2025-11-04 18:55:24'),(4,'Richard','Sanchez','richard.sanchez4@example.edu','555-104-112','104 College Ave, City5, ST',1,'2025-11-04 18:55:24'),(5,'Ashley','Lopez','ashley.lopez5@example.edu','555-105-115','105 College Ave, City6, ST',1,'2025-11-04 18:55:24'),(6,'Sarah','Thompson','sarah.thompson6@example.edu','555-106-118','106 College Ave, City7, ST',1,'2025-11-04 18:55:24'),(7,'Susan','Martin','susan.martin7@example.edu','555-107-121','107 College Ave, City8, ST',1,'2025-11-04 18:55:24'),(8,'Brian','Lee','brian.lee8@example.edu','555-108-124','108 College Ave, City9, ST',1,'2025-11-04 18:55:24'),(9,'Matthew','Jones','matthew.jones9@example.edu','555-109-127','109 College Ave, City10, ST',1,'2025-11-04 18:55:24'),(10,'Michelle','Martin','michelle.martin10@example.edu','555-110-130','110 College Ave, City11, ST',1,'2025-11-04 18:55:24'),(11,'Lisa','Williams','lisa.williams11@example.edu','555-111-133','111 College Ave, City12, ST',1,'2025-11-04 18:55:24'),(12,'Anthony','Gonzalez','anthony.gonzalez12@example.edu','555-112-136','112 College Ave, City13, ST',1,'2025-11-04 18:55:24'),(13,'David','Garcia','david.garcia13@example.edu','555-113-139','113 College Ave, City14, ST',1,'2025-11-04 18:55:24'),(14,'Elizabeth','Martin','elizabeth.martin14@example.edu','555-114-142','114 College Ave, City15, ST',1,'2025-11-04 18:55:24'),(15,'Joseph','Perez','joseph.perez15@example.edu','555-115-145','115 College Ave, City16, ST',1,'2025-11-04 18:55:24'),(16,'Margaret','Gonzalez','margaret.gonzalez16@example.edu','555-116-148','116 College Ave, City17, ST',1,'2025-11-04 18:55:24'),(17,'James','Martinez','james.martinez17@example.edu','555-117-151','117 College Ave, City18, ST',1,'2025-11-04 18:55:24'),(18,'Linda','Allen','linda.allen18@example.edu','555-118-154','118 College Ave, City19, ST',1,'2025-11-04 18:55:24'),(19,'John','Perez','john.perez19@example.edu','555-119-157','119 College Ave, City20, ST',1,'2025-11-04 18:55:25'),(20,'Betty','Lee','betty.lee20@example.edu','555-120-160','120 College Ave, City1, ST',1,'2025-11-04 18:55:25'),(21,'John','Thomas','john.thomas21@example.edu','555-121-163','121 College Ave, City2, ST',1,'2025-11-04 18:55:25'),(22,'Michael','Young','michael.young22@example.edu','555-122-166','122 College Ave, City3, ST',1,'2025-11-04 18:55:25'),(23,'Elizabeth','Nguyen','elizabeth.nguyen23@example.edu','555-123-169','123 College Ave, City4, ST',1,'2025-11-04 18:55:25'),(24,'Susan','Taylor','susan.taylor24@example.edu','555-124-172','124 College Ave, City5, ST',1,'2025-11-04 18:55:25'),(25,'Andrew','Wright','andrew.wright25@example.edu','555-125-175','125 College Ave, City6, ST',1,'2025-11-04 18:55:25'),(26,'Daniel','Hernandez','daniel.hernandez26@example.edu','555-126-178','126 College Ave, City7, ST',1,'2025-11-04 18:55:25'),(27,'Melissa','Jackson','melissa.jackson27@example.edu','555-127-181','127 College Ave, City8, ST',1,'2025-11-04 18:55:25'),(28,'John','Garcia','john.garcia28@example.edu','555-128-184','128 College Ave, City9, ST',1,'2025-11-04 18:55:25'),(29,'Michael','King','michael.king29@example.edu','555-129-187','129 College Ave, City10, ST',1,'2025-11-04 18:55:25'),(30,'Susan','Scott','susan.scott30@example.edu','555-130-190','130 College Ave, City11, ST',1,'2025-11-04 18:55:25'),(31,'Paul','Nelson','paul.nelson31@example.edu','555-131-193','131 College Ave, City12, ST',1,'2025-11-04 18:55:25'),(32,'Anthony','King','anthony.king32@example.edu','555-132-196','132 College Ave, City13, ST',1,'2025-11-04 18:55:25'),(33,'James','Roberts','james.roberts33@example.edu','555-133-199','133 College Ave, City14, ST',1,'2025-11-04 18:55:25'),(34,'Kimberly','Martinez','kimberly.martinez34@example.edu','555-134-202','134 College Ave, City15, ST',1,'2025-11-04 18:55:25'),(35,'Donna','Wright','donna.wright35@example.edu','555-135-205','135 College Ave, City16, ST',1,'2025-11-04 18:55:25'),(36,'Christopher','Nguyen','christopher.nguyen36@example.edu','555-136-208','136 College Ave, City17, ST',1,'2025-11-04 18:55:25'),(37,'Edward','Hernandez','edward.hernandez37@example.edu','555-137-211','137 College Ave, City18, ST',1,'2025-11-04 18:55:25'),(38,'Sandra','Clark','sandra.clark38@example.edu','555-138-214','138 College Ave, City19, ST',1,'2025-11-04 18:55:25'),(39,'Donald','Johnson','donald.johnson39@example.edu','555-139-217','139 College Ave, City20, ST',1,'2025-11-04 18:55:25'),(40,'Lisa','Nelson','lisa.nelson40@example.edu','555-140-220','140 College Ave, City1, ST',1,'2025-11-04 18:55:25'),(41,'Mary','Harris','mary.harris41@example.edu','555-141-223','141 College Ave, City2, ST',1,'2025-11-04 18:55:25'),(42,'Daniel','Baker','daniel.baker42@example.edu','555-142-226','142 College Ave, City3, ST',1,'2025-11-04 18:55:25'),(43,'Steven','Nelson','steven.nelson43@example.edu','555-143-229','143 College Ave, City4, ST',1,'2025-11-04 18:55:25'),(44,'Kenneth','Johnson','kenneth.johnson44@example.edu','555-144-232','144 College Ave, City5, ST',1,'2025-11-04 18:55:25'),(45,'Christopher','Walker','christopher.walker45@example.edu','555-145-235','145 College Ave, City6, ST',1,'2025-11-04 18:55:25'),(46,'Donald','Williams','donald.williams46@example.edu','555-146-238','146 College Ave, City7, ST',1,'2025-11-04 18:55:25'),(47,'Christopher','Lee','christopher.lee47@example.edu','555-147-241','147 College Ave, City8, ST',1,'2025-11-04 18:55:25'),(48,'Matthew','Martin','matthew.martin48@example.edu','555-148-244','148 College Ave, City9, ST',1,'2025-11-04 18:55:25'),(49,'William','Harris','william.harris49@example.edu','555-149-247','149 College Ave, City10, ST',1,'2025-11-04 18:55:25'),(50,'Andrew','Flores','andrew.flores50@example.edu','555-150-250','150 College Ave, City11, ST',1,'2025-11-04 18:55:25'),(51,'Patricia','Torres','patricia.torres51@example.edu','555-151-253','151 College Ave, City12, ST',1,'2025-11-04 18:55:25'),(52,'Linda','Young','linda.young52@example.edu','555-152-256','152 College Ave, City13, ST',1,'2025-11-04 18:55:25'),(53,'Linda','Miller','linda.miller53@example.edu','555-153-259','153 College Ave, City14, ST',1,'2025-11-04 18:55:25'),(54,'Michelle','Lopez','michelle.lopez54@example.edu','555-154-262','154 College Ave, City15, ST',1,'2025-11-04 18:55:25'),(55,'John','Brown','john.brown55@example.edu','555-155-265','155 College Ave, City16, ST',1,'2025-11-04 18:55:25'),(56,'Karen','Wilson','karen.wilson56@example.edu','555-156-268','156 College Ave, City17, ST',1,'2025-11-04 18:55:25'),(57,'Kimberly','Miller','kimberly.miller57@example.edu','555-157-271','157 College Ave, City18, ST',1,'2025-11-04 18:55:25'),(58,'Sandra','Young','sandra.young58@example.edu','555-158-274','158 College Ave, City19, ST',1,'2025-11-04 18:55:25'),(59,'Mark','Brown','mark.brown59@example.edu','555-159-277','159 College Ave, City20, ST',1,'2025-11-04 18:55:25'),(60,'Margaret','Anderson','margaret.anderson60@example.edu','555-160-280','160 College Ave, City1, ST',1,'2025-11-04 18:55:25'),(61,'Joseph','Perez','joseph.perez61@example.edu','555-161-283','161 College Ave, City2, ST',1,'2025-11-04 18:55:25'),(62,'Melissa','Hernandez','melissa.hernandez62@example.edu','555-162-286','162 College Ave, City3, ST',1,'2025-11-04 18:55:25'),(63,'Matthew','Nguyen','matthew.nguyen63@example.edu','555-163-289','163 College Ave, City4, ST',1,'2025-11-04 18:55:25'),(64,'Steven','Thomas','steven.thomas64@example.edu','555-164-292','164 College Ave, City5, ST',1,'2025-11-04 18:55:25'),(65,'Carol','Walker','carol.walker65@example.edu','555-165-295','165 College Ave, City6, ST',1,'2025-11-04 18:55:25'),(66,'Barbara','Wilson','barbara.wilson66@example.edu','555-166-298','166 College Ave, City7, ST',1,'2025-11-04 18:55:25'),(67,'Emily','Torres','emily.torres67@example.edu','555-167-301','167 College Ave, City8, ST',1,'2025-11-04 18:55:25'),(68,'Emily','Green','emily.green68@example.edu','555-168-304','168 College Ave, City9, ST',1,'2025-11-04 18:55:25'),(69,'Susan','Hernandez','susan.hernandez69@example.edu','555-169-307','169 College Ave, City10, ST',1,'2025-11-04 18:55:25'),(70,'Carol','Campbell','carol.campbell70@example.edu','555-170-310','170 College Ave, City11, ST',1,'2025-11-04 18:55:25'),(71,'Sandra','Carter','sandra.carter71@example.edu','555-171-313','171 College Ave, City12, ST',1,'2025-11-04 18:55:25'),(72,'James','Adams','james.adams72@example.edu','555-172-316','172 College Ave, City13, ST',1,'2025-11-04 18:55:25'),(73,'Richard','Jones','richard.jones73@example.edu','555-173-319','173 College Ave, City14, ST',1,'2025-11-04 18:55:25'),(74,'Deborah','Jones','deborah.jones74@example.edu','555-174-322','174 College Ave, City15, ST',1,'2025-11-04 18:55:25'),(75,'Emily','Davis','emily.davis75@example.edu','555-175-325','175 College Ave, City16, ST',1,'2025-11-04 18:55:25'),(76,'Michael','Taylor','michael.taylor76@example.edu','555-176-328','176 College Ave, City17, ST',1,'2025-11-04 18:55:25'),(77,'Andrew','Thomas','andrew.thomas77@example.edu','555-177-331','177 College Ave, City18, ST',1,'2025-11-04 18:55:25'),(78,'Susan','Moore','susan.moore78@example.edu','555-178-334','178 College Ave, City19, ST',1,'2025-11-04 18:55:25'),(79,'Joseph','Young','joseph.young79@example.edu','555-179-337','179 College Ave, City20, ST',1,'2025-11-04 18:55:25'),(80,'Lisa','Campbell','lisa.campbell80@example.edu','555-180-340','180 College Ave, City1, ST',1,'2025-11-04 18:55:25'),(81,'Kevin','Lewis','kevin.lewis81@example.edu','555-181-343','181 College Ave, City2, ST',1,'2025-11-04 18:55:25'),(82,'Joshua','Sanchez','joshua.sanchez82@example.edu','555-182-346','182 College Ave, City3, ST',1,'2025-11-04 18:55:25'),(83,'Emily','Thomas','emily.thomas83@example.edu','555-183-349','183 College Ave, City4, ST',1,'2025-11-04 18:55:25'),(84,'Dorothy','Lewis','dorothy.lewis84@example.edu','555-184-352','184 College Ave, City5, ST',1,'2025-11-04 18:55:25'),(85,'Paul','Miller','paul.miller85@example.edu','555-185-355','185 College Ave, City6, ST',1,'2025-11-04 18:55:25'),(86,'Kimberly','Johnson','kimberly.johnson86@example.edu','555-186-358','186 College Ave, City7, ST',1,'2025-11-04 18:55:25'),(87,'Paul','Wright','paul.wright87@example.edu','555-187-361','187 College Ave, City8, ST',1,'2025-11-04 18:55:25'),(88,'Carol','White','carol.white88@example.edu','555-188-364','188 College Ave, City9, ST',1,'2025-11-04 18:55:25'),(89,'Jessica','Sanchez','jessica.sanchez89@example.edu','555-189-367','189 College Ave, City10, ST',1,'2025-11-04 18:55:25'),(90,'Ashley','Baker','ashley.baker90@example.edu','555-190-370','190 College Ave, City11, ST',1,'2025-11-04 18:55:25'),(91,'Jennifer','Clark','jennifer.clark91@example.edu','555-191-373','191 College Ave, City12, ST',1,'2025-11-04 18:55:25'),(92,'Sandra','Davis','sandra.davis92@example.edu','555-192-376','192 College Ave, City13, ST',1,'2025-11-04 18:55:25'),(93,'Christopher','Thomas','christopher.thomas93@example.edu','555-193-379','193 College Ave, City14, ST',1,'2025-11-04 18:55:25'),(94,'Donald','Martin','donald.martin94@example.edu','555-194-382','194 College Ave, City15, ST',1,'2025-11-04 18:55:25'),(95,'Margaret','Torres','margaret.torres95@example.edu','555-195-385','195 College Ave, City16, ST',1,'2025-11-04 18:55:25'),(96,'Linda','Hernandez','linda.hernandez96@example.edu','555-196-388','196 College Ave, City17, ST',1,'2025-11-04 18:55:25'),(97,'Susan','Campbell','susan.campbell97@example.edu','555-197-391','197 College Ave, City18, ST',1,'2025-11-04 18:55:25'),(98,'Michelle','Harris','michelle.harris98@example.edu','555-198-394','198 College Ave, City19, ST',1,'2025-11-04 18:55:25'),(99,'Thomas','Torres','thomas.torres99@example.edu','555-199-397','199 College Ave, City20, ST',1,'2025-11-04 18:55:25'),(100,'George','Roberts','george.roberts100@example.edu','555-200-400','200 College Ave, City1, ST',1,'2025-11-04 18:55:25'),(101,'Barbara','Green','barbara.green101@example.edu','555-201-403','201 College Ave, City2, ST',1,'2025-11-04 18:55:25'),(102,'James','King','james.king102@example.edu','555-202-406','202 College Ave, City3, ST',1,'2025-11-04 18:55:25'),(103,'Brian','Campbell','brian.campbell103@example.edu','555-203-409','203 College Ave, City4, ST',1,'2025-11-04 18:55:25'),(104,'Sarah','Johnson','sarah.johnson104@example.edu','555-204-412','204 College Ave, City5, ST',1,'2025-11-04 18:55:25'),(105,'Mark','Perez','mark.perez105@example.edu','555-205-415','205 College Ave, City6, ST',1,'2025-11-04 18:55:25'),(106,'Kevin','Green','kevin.green106@example.edu','555-206-418','206 College Ave, City7, ST',1,'2025-11-04 18:55:25'),(107,'Richard','Green','richard.green107@example.edu','555-207-421','207 College Ave, City8, ST',1,'2025-11-04 18:55:25'),(108,'Karen','Johnson','karen.johnson108@example.edu','555-208-424','208 College Ave, City9, ST',1,'2025-11-04 18:55:25'),(109,'Brian','Sanchez','brian.sanchez109@example.edu','555-209-427','209 College Ave, City10, ST',1,'2025-11-04 18:55:25'),(110,'Lisa','Wilson','lisa.wilson110@example.edu','555-210-430','210 College Ave, City11, ST',1,'2025-11-04 18:55:25'),(111,'Emily','Taylor','emily.taylor111@example.edu','555-211-433','211 College Ave, City12, ST',1,'2025-11-04 18:55:25'),(112,'Joseph','Garcia','joseph.garcia112@example.edu','555-212-436','212 College Ave, City13, ST',1,'2025-11-04 18:55:25'),(113,'Susan','Taylor','susan.taylor113@example.edu','555-213-439','213 College Ave, City14, ST',1,'2025-11-04 18:55:25'),(114,'Emily','Smith','emily.smith114@example.edu','555-214-442','214 College Ave, City15, ST',1,'2025-11-04 18:55:25'),(115,'Mary','Martinez','mary.martinez115@example.edu','555-215-445','215 College Ave, City16, ST',1,'2025-11-04 18:55:25'),(116,'Andrew','Nguyen','andrew.nguyen116@example.edu','555-216-448','216 College Ave, City17, ST',1,'2025-11-04 18:55:25'),(117,'William','Perez','william.perez117@example.edu','555-217-451','217 College Ave, City18, ST',1,'2025-11-04 18:55:25'),(118,'Susan','Rodriguez','susan.rodriguez118@example.edu','555-218-454','218 College Ave, City19, ST',1,'2025-11-04 18:55:25'),(119,'Michelle','Flores','michelle.flores119@example.edu','555-219-457','219 College Ave, City20, ST',1,'2025-11-04 18:55:25'),(120,'Karen','Allen','karen.allen120@example.edu','555-220-460','220 College Ave, City1, ST',1,'2025-11-04 18:55:25'),(121,'Charles','Johnson','charles.johnson121@example.edu','555-221-463','221 College Ave, City2, ST',1,'2025-11-04 18:55:25'),(122,'Susan','Ramirez','susan.ramirez122@example.edu','555-222-466','222 College Ave, City3, ST',1,'2025-11-04 18:55:25'),(123,'Betty','Baker','betty.baker123@example.edu','555-223-469','223 College Ave, City4, ST',1,'2025-11-04 18:55:25'),(124,'Donna','Sanchez','donna.sanchez124@example.edu','555-224-472','224 College Ave, City5, ST',1,'2025-11-04 18:55:25'),(125,'Dorothy','Green','dorothy.green125@example.edu','555-225-475','225 College Ave, City6, ST',1,'2025-11-04 18:55:26'),(126,'Brian','Nelson','brian.nelson126@example.edu','555-226-478','226 College Ave, City7, ST',1,'2025-11-04 18:55:26'),(127,'Donald','Torres','donald.torres127@example.edu','555-227-481','227 College Ave, City8, ST',1,'2025-11-04 18:55:26'),(128,'Emily','Moore','emily.moore128@example.edu','555-228-484','228 College Ave, City9, ST',1,'2025-11-04 18:55:26'),(129,'Paul','Jackson','paul.jackson129@example.edu','555-229-487','229 College Ave, City10, ST',1,'2025-11-04 18:55:26'),(130,'Steven','Jones','steven.jones130@example.edu','555-230-490','230 College Ave, City11, ST',1,'2025-11-04 18:55:26'),(131,'Joshua','Walker','joshua.walker131@example.edu','555-231-493','231 College Ave, City12, ST',1,'2025-11-04 18:55:26'),(132,'Kevin','Walker','kevin.walker132@example.edu','555-232-496','232 College Ave, City13, ST',1,'2025-11-04 18:55:26'),(133,'Dorothy','Hernandez','dorothy.hernandez133@example.edu','555-233-499','233 College Ave, City14, ST',1,'2025-11-04 18:55:26'),(134,'Margaret','Brown','margaret.brown134@example.edu','555-234-502','234 College Ave, City15, ST',1,'2025-11-04 18:55:26'),(135,'Amanda','Miller','amanda.miller135@example.edu','555-235-505','235 College Ave, City16, ST',1,'2025-11-04 18:55:26'),(136,'Brian','Davis','brian.davis136@example.edu','555-236-508','236 College Ave, City17, ST',1,'2025-11-04 18:55:26'),(137,'Sarah','Nelson','sarah.nelson137@example.edu','555-237-511','237 College Ave, City18, ST',1,'2025-11-04 18:55:26'),(138,'Christopher','Clark','christopher.clark138@example.edu','555-238-514','238 College Ave, City19, ST',1,'2025-11-04 18:55:26'),(139,'Brian','Sanchez','brian.sanchez139@example.edu','555-239-517','239 College Ave, City20, ST',1,'2025-11-04 18:55:26'),(140,'Mark','Garcia','mark.garcia140@example.edu','555-240-520','240 College Ave, City1, ST',1,'2025-11-04 18:55:26'),(141,'Matthew','Hall','matthew.hall141@example.edu','555-241-523','241 College Ave, City2, ST',1,'2025-11-04 18:55:26'),(142,'Dorothy','Davis','dorothy.davis142@example.edu','555-242-526','242 College Ave, City3, ST',1,'2025-11-04 18:55:26'),(143,'Melissa','Ramirez','melissa.ramirez143@example.edu','555-243-529','243 College Ave, City4, ST',1,'2025-11-04 18:55:26'),(144,'Joseph','Flores','joseph.flores144@example.edu','555-244-532','244 College Ave, City5, ST',1,'2025-11-04 18:55:26'),(145,'James','Carter','james.carter145@example.edu','555-245-535','245 College Ave, City6, ST',1,'2025-11-04 18:55:26'),(146,'Sandra','Martinez','sandra.martinez146@example.edu','555-246-538','246 College Ave, City7, ST',1,'2025-11-04 18:55:26'),(147,'George','Smith','george.smith147@example.edu','555-247-541','247 College Ave, City8, ST',1,'2025-11-04 18:55:26'),(148,'Daniel','Hernandez','daniel.hernandez148@example.edu','555-248-544','248 College Ave, City9, ST',1,'2025-11-04 18:55:26'),(149,'Carol','Moore','carol.moore149@example.edu','555-249-547','249 College Ave, City10, ST',1,'2025-11-04 18:55:26'),(150,'Elizabeth','Harris','elizabeth.harris150@example.edu','555-250-550','250 College Ave, City11, ST',1,'2025-11-04 18:55:26'),(151,'David','Martin','david.martin151@example.edu','555-251-553','251 College Ave, City12, ST',1,'2025-11-04 18:55:26'),(152,'Christopher','Green','christopher.green152@example.edu','555-252-556','252 College Ave, City13, ST',1,'2025-11-04 18:55:26'),(153,'Kenneth','Lee','kenneth.lee153@example.edu','555-253-559','253 College Ave, City14, ST',1,'2025-11-04 18:55:26'),(154,'Margaret','Williams','margaret.williams154@example.edu','555-254-562','254 College Ave, City15, ST',1,'2025-11-04 18:55:26'),(155,'Daniel','Thomas','daniel.thomas155@example.edu','555-255-565','255 College Ave, City16, ST',1,'2025-11-04 18:55:26'),(156,'Kevin','Hill','kevin.hill156@example.edu','555-256-568','256 College Ave, City17, ST',1,'2025-11-04 18:55:26'),(157,'Sandra','Johnson','sandra.johnson157@example.edu','555-257-571','257 College Ave, City18, ST',1,'2025-11-04 18:55:26'),(158,'Daniel','Nelson','daniel.nelson158@example.edu','555-258-574','258 College Ave, City19, ST',1,'2025-11-04 18:55:26'),(159,'Betty','Young','betty.young159@example.edu','555-259-577','259 College Ave, City20, ST',1,'2025-11-04 18:55:26'),(160,'William','Hill','william.hill160@example.edu','555-260-580','260 College Ave, City1, ST',1,'2025-11-04 18:55:26'),(161,'Deborah','Carter','deborah.carter161@example.edu','555-261-583','261 College Ave, City2, ST',1,'2025-11-04 18:55:26'),(162,'Lisa','Hall','lisa.hall162@example.edu','555-262-586','262 College Ave, City3, ST',1,'2025-11-04 18:55:26'),(163,'Andrew','Martin','andrew.martin163@example.edu','555-263-589','263 College Ave, City4, ST',1,'2025-11-04 18:55:26'),(164,'Emily','Rodriguez','emily.rodriguez164@example.edu','555-264-592','264 College Ave, City5, ST',1,'2025-11-04 18:55:26'),(165,'Ashley','Lewis','ashley.lewis165@example.edu','555-265-595','265 College Ave, City6, ST',1,'2025-11-04 18:55:26'),(166,'Kevin','Smith','kevin.smith166@example.edu','555-266-598','266 College Ave, City7, ST',1,'2025-11-04 18:55:26'),(167,'Sandra','Carter','sandra.carter167@example.edu','555-267-601','267 College Ave, City8, ST',1,'2025-11-04 18:55:26'),(168,'Lisa','Anderson','lisa.anderson168@example.edu','555-268-604','268 College Ave, City9, ST',1,'2025-11-04 18:55:26'),(169,'Anthony','Walker','anthony.walker169@example.edu','555-269-607','269 College Ave, City10, ST',1,'2025-11-04 18:55:26'),(170,'Joseph','Flores','joseph.flores170@example.edu','555-270-610','270 College Ave, City11, ST',1,'2025-11-04 18:55:26'),(171,'Paul','Perez','paul.perez171@example.edu','555-271-613','271 College Ave, City12, ST',1,'2025-11-04 18:55:26'),(172,'Ashley','Jackson','ashley.jackson172@example.edu','555-272-616','272 College Ave, City13, ST',1,'2025-11-04 18:55:26'),(173,'Kenneth','Anderson','kenneth.anderson173@example.edu','555-273-619','273 College Ave, City14, ST',1,'2025-11-04 18:55:26'),(174,'Anthony','Lee','anthony.lee174@example.edu','555-274-622','274 College Ave, City15, ST',1,'2025-11-04 18:55:26'),(175,'Michael','Martinez','michael.martinez175@example.edu','555-275-625','275 College Ave, City16, ST',1,'2025-11-04 18:55:26'),(176,'Barbara','Wright','barbara.wright176@example.edu','555-276-628','276 College Ave, City17, ST',1,'2025-11-04 18:55:26'),(177,'John','Carter','john.carter177@example.edu','555-277-631','277 College Ave, City18, ST',1,'2025-11-04 18:55:26'),(178,'Amanda','Baker','amanda.baker178@example.edu','555-278-634','278 College Ave, City19, ST',1,'2025-11-04 18:55:26'),(179,'Edward','Davis','edward.davis179@example.edu','555-279-637','279 College Ave, City20, ST',1,'2025-11-04 18:55:26'),(180,'Deborah','Harris','deborah.harris180@example.edu','555-280-640','280 College Ave, City1, ST',1,'2025-11-04 18:55:26'),(181,'William','White','william.white181@example.edu','555-281-643','281 College Ave, City2, ST',1,'2025-11-04 18:55:26'),(182,'Robert','Gonzalez','robert.gonzalez182@example.edu','555-282-646','282 College Ave, City3, ST',1,'2025-11-04 18:55:26'),(183,'Joshua','Wilson','joshua.wilson183@example.edu','555-283-649','283 College Ave, City4, ST',1,'2025-11-04 18:55:26'),(184,'James','Miller','james.miller184@example.edu','555-284-652','284 College Ave, City5, ST',1,'2025-11-04 18:55:26'),(185,'Nancy','Taylor','nancy.taylor185@example.edu','555-285-655','285 College Ave, City6, ST',1,'2025-11-04 18:55:26'),(186,'Donna','Thomas','donna.thomas186@example.edu','555-286-658','286 College Ave, City7, ST',1,'2025-11-04 18:55:26'),(187,'Dorothy','Wright','dorothy.wright187@example.edu','555-287-661','287 College Ave, City8, ST',1,'2025-11-04 18:55:26'),(188,'Michelle','Moore','michelle.moore188@example.edu','555-288-664','288 College Ave, City9, ST',1,'2025-11-04 18:55:26'),(189,'Michelle','Torres','michelle.torres189@example.edu','555-289-667','289 College Ave, City10, ST',1,'2025-11-04 18:55:26'),(190,'Karen','Thompson','karen.thompson190@example.edu','555-290-670','290 College Ave, City11, ST',1,'2025-11-04 18:55:26'),(191,'Christopher','Sanchez','christopher.sanchez191@example.edu','555-291-673','291 College Ave, City12, ST',1,'2025-11-04 18:55:26'),(192,'Mary','Nguyen','mary.nguyen192@example.edu','555-292-676','292 College Ave, City13, ST',1,'2025-11-04 18:55:26'),(193,'Linda','Nguyen','linda.nguyen193@example.edu','555-293-679','293 College Ave, City14, ST',1,'2025-11-04 18:55:26'),(194,'Donald','Lewis','donald.lewis194@example.edu','555-294-682','294 College Ave, City15, ST',1,'2025-11-04 18:55:26'),(195,'Dorothy','Lee','dorothy.lee195@example.edu','555-295-685','295 College Ave, City16, ST',1,'2025-11-04 18:55:26'),(196,'Jessica','Taylor','jessica.taylor196@example.edu','555-296-688','296 College Ave, City17, ST',1,'2025-11-04 18:55:26'),(197,'Michael','Hernandez','michael.hernandez197@example.edu','555-297-691','297 College Ave, City18, ST',1,'2025-11-04 18:55:26'),(198,'Carol','Jackson','carol.jackson198@example.edu','555-298-694','298 College Ave, City19, ST',1,'2025-11-04 18:55:26'),(199,'Carol','Brown','carol.brown199@example.edu','555-299-697','299 College Ave, City20, ST',1,'2025-11-04 18:55:26'),(200,'Paul','Rodriguez','paul.rodriguez200@example.edu','555-300-700','300 College Ave, City1, ST',1,'2025-11-04 18:55:26');
/*!40000 ALTER TABLE `People` ENABLE KEYS */;
UNLOCK TABLES;

--
-- Table structure for table `Room`
--

DROP TABLE IF EXISTS `Room`;
/*!40101 SET @saved_cs_client     = @@character_set_client */;
/*!50503 SET character_set_client = utf8mb4 */;
CREATE TABLE `Room` (
  `room_number` int(11) NOT NULL AUTO_INCREMENT,
  `building_id` int(11) NOT NULL,
  `occupancy_limit` int(11) NOT NULL,
  `audit_user_id` int(11) NOT NULL,
  `audit_timestamp` timestamp NOT NULL DEFAULT current_timestamp() ON UPDATE current_timestamp(),
  PRIMARY KEY (`room_number`),
  KEY `fk_Room_Buidling1_idx` (`building_id`),
  CONSTRAINT `fk_Room_Buidling1` FOREIGN KEY (`building_id`) REFERENCES `Building` (`building_id`) ON UPDATE CASCADE
) ENGINE=InnoDB AUTO_INCREMENT=101 DEFAULT CHARSET=utf8mb4 COLLATE=utf8mb4_general_ci;
/*!40101 SET character_set_client = @saved_cs_client */;

--
-- Dumping data for table `Room`
--

LOCK TABLES `Room` WRITE;
/*!40000 ALTER TABLE `Room` DISABLE KEYS */;
INSERT INTO `Room` VALUES (1,7,103,1,'2025-11-04 18:55:23'),(2,1,114,1,'2025-11-04 18:55:23'),(3,5,119,1,'2025-11-04 18:55:23'),(4,6,34,1,'2025-11-04 18:55:23'),(5,5,82,1,'2025-11-04 18:55:23'),(6,7,30,1,'2025-11-04 18:55:23'),(7,6,25,1,'2025-11-04 18:55:23'),(8,7,43,1,'2025-11-04 18:55:23'),(9,9,90,1,'2025-11-04 18:55:23'),(10,3,88,1,'2025-11-04 18:55:23'),(11,9,33,1,'2025-11-04 18:55:23'),(12,6,104,1,'2025-11-04 18:55:23'),(13,2,77,1,'2025-11-04 18:55:23'),(14,7,84,1,'2025-11-04 18:55:23'),(15,9,31,1,'2025-11-04 18:55:23'),(16,3,36,1,'2025-11-04 18:55:23'),(17,2,34,1,'2025-11-04 18:55:23'),(18,6,51,1,'2025-11-04 18:55:23'),(19,1,68,1,'2025-11-04 18:55:23'),(20,6,13,1,'2025-11-04 18:55:23'),(21,9,98,1,'2025-11-04 18:55:23'),(22,7,10,1,'2025-11-04 18:55:23'),(23,1,94,1,'2025-11-04 18:55:23'),(24,3,108,1,'2025-11-04 18:55:23'),(25,10,32,1,'2025-11-04 18:55:23'),(26,5,22,1,'2025-11-04 18:55:23'),(27,7,23,1,'2025-11-04 18:55:23'),(28,10,33,1,'2025-11-04 18:55:23'),(29,7,39,1,'2025-11-04 18:55:23'),(30,9,86,1,'2025-11-04 18:55:23'),(31,6,113,1,'2025-11-04 18:55:23'),(32,1,39,1,'2025-11-04 18:55:23'),(33,2,73,1,'2025-11-04 18:55:23'),(34,4,104,1,'2025-11-04 18:55:23'),(35,9,95,1,'2025-11-04 18:55:23'),(36,3,42,1,'2025-11-04 18:55:23'),(37,10,65,1,'2025-11-04 18:55:23'),(38,9,26,1,'2025-11-04 18:55:23'),(39,1,31,1,'2025-11-04 18:55:23'),(40,5,120,1,'2025-11-04 18:55:23'),(41,1,29,1,'2025-11-04 18:55:23'),(42,4,54,1,'2025-11-04 18:55:23'),(43,9,53,1,'2025-11-04 18:55:23'),(44,3,59,1,'2025-11-04 18:55:23'),(45,6,11,1,'2025-11-04 18:55:23'),(46,1,17,1,'2025-11-04 18:55:23'),(47,8,20,1,'2025-11-04 18:55:23'),(48,7,112,1,'2025-11-04 18:55:24'),(49,3,110,1,'2025-11-04 18:55:24'),(50,1,108,1,'2025-11-04 18:55:24'),(51,6,37,1,'2025-11-04 18:55:24'),(52,9,107,1,'2025-11-04 18:55:24'),(53,2,71,1,'2025-11-04 18:55:24'),(54,10,17,1,'2025-11-04 18:55:24'),(55,1,90,1,'2025-11-04 18:55:24'),(56,8,51,1,'2025-11-04 18:55:24'),(57,10,63,1,'2025-11-04 18:55:24'),(58,9,35,1,'2025-11-04 18:55:24'),(59,6,108,1,'2025-11-04 18:55:24'),(60,2,81,1,'2025-11-04 18:55:24'),(61,3,20,1,'2025-11-04 18:55:24'),(62,8,31,1,'2025-11-04 18:55:24'),(63,6,39,1,'2025-11-04 18:55:24'),(64,4,30,1,'2025-11-04 18:55:24'),(65,3,46,1,'2025-11-04 18:55:24'),(66,3,78,1,'2025-11-04 18:55:24'),(67,2,76,1,'2025-11-04 18:55:24'),(68,1,28,1,'2025-11-04 18:55:24'),(69,1,94,1,'2025-11-04 18:55:24'),(70,8,33,1,'2025-11-04 18:55:24'),(71,10,112,1,'2025-11-04 18:55:24'),(72,2,43,1,'2025-11-04 18:55:24'),(73,9,106,1,'2025-11-04 18:55:24'),(74,7,18,1,'2025-11-04 18:55:24'),(75,8,63,1,'2025-11-04 18:55:24'),(76,3,41,1,'2025-11-04 18:55:24'),(77,3,13,1,'2025-11-04 18:55:24'),(78,6,52,1,'2025-11-04 18:55:24'),(79,3,60,1,'2025-11-04 18:55:24'),(80,3,32,1,'2025-11-04 18:55:24'),(81,10,97,1,'2025-11-04 18:55:24'),(82,9,41,1,'2025-11-04 18:55:24'),(83,7,75,1,'2025-11-04 18:55:24'),(84,7,51,1,'2025-11-04 18:55:24'),(85,2,18,1,'2025-11-04 18:55:24'),(86,8,105,1,'2025-11-04 18:55:24'),(87,4,90,1,'2025-11-04 18:55:24'),(88,10,83,1,'2025-11-04 18:55:24'),(89,4,105,1,'2025-11-04 18:55:24'),(90,3,77,1,'2025-11-04 18:55:24'),(91,4,52,1,'2025-11-04 18:55:24'),(92,10,47,1,'2025-11-04 18:55:24'),(93,3,78,1,'2025-11-04 18:55:24'),(94,9,98,1,'2025-11-04 18:55:24'),(95,1,43,1,'2025-11-04 18:55:24'),(96,7,15,1,'2025-11-04 18:55:24'),(97,6,112,1,'2025-11-04 18:55:24'),(98,9,78,1,'2025-11-04 18:55:24'),(99,10,23,1,'2025-11-04 18:55:24'),(100,2,29,1,'2025-11-04 18:55:24');
/*!40000 ALTER TABLE `Room` ENABLE KEYS */;
UNLOCK TABLES;

--
-- Table structure for table `Room_Schedule`
--

DROP TABLE IF EXISTS `Room_Schedule`;
/*!40101 SET @saved_cs_client     = @@character_set_client */;
/*!50503 SET character_set_client = utf8mb4 */;
CREATE TABLE `Room_Schedule` (
  `schedule_id` int(11) NOT NULL AUTO_INCREMENT,
  `room_number` int(11) NOT NULL,
  `section_id` int(11) DEFAULT NULL,
  `audit_user_id` int(11) NOT NULL,
  `audit_timestamp` timestamp NOT NULL DEFAULT current_timestamp() ON UPDATE current_timestamp(),
  PRIMARY KEY (`schedule_id`),
  KEY `fk_Room_Schedule_Room1_idx` (`room_number`),
  KEY `fk_Room_Schedule_Course_Section1_idx` (`section_id`),
  CONSTRAINT `fk_Room_Schedule_Course_Section1` FOREIGN KEY (`section_id`) REFERENCES `Course_Section` (`section_id`) ON DELETE NO ACTION ON UPDATE NO ACTION,
  CONSTRAINT `fk_Room_Schedule_Room1` FOREIGN KEY (`room_number`) REFERENCES `Room` (`room_number`) ON UPDATE CASCADE
) ENGINE=InnoDB AUTO_INCREMENT=81 DEFAULT CHARSET=utf8mb4 COLLATE=utf8mb4_general_ci;
/*!40101 SET character_set_client = @saved_cs_client */;

--
-- Dumping data for table `Room_Schedule`
--

LOCK TABLES `Room_Schedule` WRITE;
/*!40000 ALTER TABLE `Room_Schedule` DISABLE KEYS */;
INSERT INTO `Room_Schedule` VALUES (1,33,1,1,'2025-11-04 18:55:29'),(2,13,2,1,'2025-11-04 18:55:29'),(3,63,3,1,'2025-11-04 18:55:29'),(4,78,4,1,'2025-11-04 18:55:29'),(5,85,5,1,'2025-11-04 18:55:29'),(6,34,6,1,'2025-11-04 18:55:29'),(7,40,7,1,'2025-11-04 18:55:29'),(8,77,8,1,'2025-11-04 18:55:29'),(9,36,9,1,'2025-11-04 18:55:29'),(10,81,10,1,'2025-11-04 18:55:29'),(11,92,11,1,'2025-11-04 18:55:29'),(12,93,12,1,'2025-11-04 18:55:29'),(13,3,13,1,'2025-11-04 18:55:29'),(14,81,14,1,'2025-11-04 18:55:29'),(15,18,15,1,'2025-11-04 18:55:29'),(16,9,16,1,'2025-11-04 18:55:29'),(17,48,17,1,'2025-11-04 18:55:29'),(18,19,18,1,'2025-11-04 18:55:29'),(19,61,19,1,'2025-11-04 18:55:29'),(20,34,20,1,'2025-11-04 18:55:29'),(21,75,21,1,'2025-11-04 18:55:29'),(22,73,22,1,'2025-11-04 18:55:29'),(23,7,23,1,'2025-11-04 18:55:29'),(24,83,24,1,'2025-11-04 18:55:29'),(25,75,25,1,'2025-11-04 18:55:29'),(26,37,26,1,'2025-11-04 18:55:29'),(27,6,27,1,'2025-11-04 18:55:29'),(28,46,28,1,'2025-11-04 18:55:29'),(29,2,29,1,'2025-11-04 18:55:29'),(30,44,30,1,'2025-11-04 18:55:29'),(31,31,31,1,'2025-11-04 18:55:29'),(32,3,32,1,'2025-11-04 18:55:29'),(33,67,33,1,'2025-11-04 18:55:29'),(34,97,34,1,'2025-11-04 18:55:29'),(35,57,35,1,'2025-11-04 18:55:29'),(36,4,36,1,'2025-11-04 18:55:29'),(37,65,37,1,'2025-11-04 18:55:29'),(38,43,38,1,'2025-11-04 18:55:29'),(39,78,39,1,'2025-11-04 18:55:29'),(40,90,40,1,'2025-11-04 18:55:29'),(41,74,41,1,'2025-11-04 18:55:29'),(42,11,42,1,'2025-11-04 18:55:29'),(43,22,43,1,'2025-11-04 18:55:29'),(44,32,44,1,'2025-11-04 18:55:29'),(45,75,45,1,'2025-11-04 18:55:29'),(46,85,46,1,'2025-11-04 18:55:29'),(47,39,47,1,'2025-11-04 18:55:29'),(48,22,48,1,'2025-11-04 18:55:29'),(49,69,49,1,'2025-11-04 18:55:29'),(50,47,50,1,'2025-11-04 18:55:29'),(51,13,51,1,'2025-11-04 18:55:29'),(52,20,52,1,'2025-11-04 18:55:29'),(53,58,53,1,'2025-11-04 18:55:29'),(54,53,54,1,'2025-11-04 18:55:29'),(55,90,55,1,'2025-11-04 18:55:29'),(56,68,56,1,'2025-11-04 18:55:29'),(57,20,57,1,'2025-11-04 18:55:29'),(58,85,58,1,'2025-11-04 18:55:29'),(59,4,59,1,'2025-11-04 18:55:29'),(60,33,60,1,'2025-11-04 18:55:29'),(61,36,61,1,'2025-11-04 18:55:29'),(62,43,62,1,'2025-11-04 18:55:29'),(63,16,63,1,'2025-11-04 18:55:29'),(64,48,64,1,'2025-11-04 18:55:29'),(65,17,65,1,'2025-11-04 18:55:29'),(66,83,66,1,'2025-11-04 18:55:29'),(67,29,67,1,'2025-11-04 18:55:29'),(68,51,68,1,'2025-11-04 18:55:29'),(69,34,69,1,'2025-11-04 18:55:29'),(70,58,70,1,'2025-11-04 18:55:29'),(71,39,71,1,'2025-11-04 18:55:29'),(72,88,72,1,'2025-11-04 18:55:29'),(73,95,73,1,'2025-11-04 18:55:29'),(74,9,74,1,'2025-11-04 18:55:29'),(75,3,75,1,'2025-11-04 18:55:29'),(76,97,76,1,'2025-11-04 18:55:29'),(77,45,77,1,'2025-11-04 18:55:29'),(78,41,78,1,'2025-11-04 18:55:30'),(79,68,79,1,'2025-11-04 18:55:30'),(80,58,80,1,'2025-11-04 18:55:30');
/*!40000 ALTER TABLE `Room_Schedule` ENABLE KEYS */;
UNLOCK TABLES;

--
-- Table structure for table `Semester`
--

DROP TABLE IF EXISTS `Semester`;
/*!40101 SET @saved_cs_client     = @@character_set_client */;
/*!50503 SET character_set_client = utf8mb4 */;
CREATE TABLE `Semester` (
  `semester_id` int(11) NOT NULL AUTO_INCREMENT,
  `semester_type` varchar(255) NOT NULL,
  `semester_year` year(4) NOT NULL,
  `audit_user_id` int(11) NOT NULL,
  `audit_timestamp` timestamp NOT NULL DEFAULT current_timestamp() ON UPDATE current_timestamp(),
  PRIMARY KEY (`semester_id`)
) ENGINE=InnoDB AUTO_INCREMENT=5 DEFAULT CHARSET=utf8mb4 COLLATE=utf8mb4_general_ci;
/*!40101 SET character_set_client = @saved_cs_client */;

--
-- Dumping data for table `Semester`
--

LOCK TABLES `Semester` WRITE;
/*!40000 ALTER TABLE `Semester` DISABLE KEYS */;
INSERT INTO `Semester` VALUES (1,'Fall',2024,1,'2025-11-04 18:55:24'),(2,'Spring',2025,1,'2025-11-04 18:55:24'),(3,'Summer',2025,1,'2025-11-04 18:55:24'),(4,'Fall',2025,1,'2025-11-04 18:55:24');
/*!40000 ALTER TABLE `Semester` ENABLE KEYS */;
UNLOCK TABLES;

--
-- Table structure for table `Students`
--

DROP TABLE IF EXISTS `Students`;
/*!40101 SET @saved_cs_client     = @@character_set_client */;
/*!50503 SET character_set_client = utf8mb4 */;
CREATE TABLE `Students` (
  `student_id` int(11) NOT NULL AUTO_INCREMENT,
  `people_id` int(11) NOT NULL,
  `dorm_room` int(11) DEFAULT NULL,
  `admission_date` date NOT NULL,
  `graduation_date` date DEFAULT NULL,
  `enrollment_status` varchar(255) NOT NULL,
  `audit_user_id` int(11) NOT NULL,
  `audit_timestamp` timestamp NOT NULL DEFAULT current_timestamp() ON UPDATE current_timestamp(),
  PRIMARY KEY (`student_id`),
  UNIQUE KEY `person_id_UNIQUE` (`people_id`),
  UNIQUE KEY `student_id_UNIQUE` (`student_id`),
  KEY `fk_Students_Dorm_room1_idx` (`dorm_room`),
  CONSTRAINT `fk_Students_Dorm_room1` FOREIGN KEY (`dorm_room`) REFERENCES `Dorm_room` (`dorm_room_id`) ON DELETE NO ACTION ON UPDATE NO ACTION,
  CONSTRAINT `fk_Students_People` FOREIGN KEY (`people_id`) REFERENCES `People` (`people_id`) ON UPDATE CASCADE
) ENGINE=InnoDB AUTO_INCREMENT=141 DEFAULT CHARSET=utf8mb4 COLLATE=utf8mb4_general_ci;
/*!40101 SET character_set_client = @saved_cs_client */;

--
-- Dumping data for table `Students`
--

LOCK TABLES `Students` WRITE;
/*!40000 ALTER TABLE `Students` DISABLE KEYS */;
INSERT INTO `Students` VALUES (1,1,6,'2019-10-09','2022-01-04','alumni',1,'2025-11-04 18:55:26'),(2,2,6,'2025-11-06','2029-07-01','enrolled',1,'2025-11-04 18:55:26'),(3,3,2,'2020-07-08',NULL,'enrolled',1,'2025-11-04 18:55:26'),(4,4,7,'2018-04-19',NULL,'leave',1,'2025-11-04 18:55:26'),(5,5,6,'2024-07-09',NULL,'enrolled',1,'2025-11-04 18:55:26'),(6,8,3,'2019-06-15','2021-08-22','leave',1,'2025-11-04 18:55:26'),(7,9,2,'2025-07-26','2027-02-06','enrolled',1,'2025-11-04 18:55:26'),(8,11,8,'2025-01-11',NULL,'alumni',1,'2025-11-04 18:55:26'),(9,14,6,'2024-09-18',NULL,'leave',1,'2025-11-04 18:55:26'),(10,15,6,'2024-02-06',NULL,'alumni',1,'2025-11-04 18:55:26'),(11,16,8,'2019-06-09',NULL,'alumni',1,'2025-11-04 18:55:26'),(12,17,6,'2022-12-28',NULL,'leave',1,'2025-11-04 18:55:26'),(13,18,3,'2023-02-04',NULL,'alumni',1,'2025-11-04 18:55:26'),(14,22,8,'2025-12-23',NULL,'alumni',1,'2025-11-04 18:55:26'),(15,23,4,'2021-06-15','2026-09-04','enrolled',1,'2025-11-04 18:55:26'),(16,24,6,'2025-01-26',NULL,'leave',1,'2025-11-04 18:55:26'),(17,25,1,'2020-06-19',NULL,'enrolled',1,'2025-11-04 18:55:26'),(18,26,4,'2018-05-22','2024-11-06','enrolled',1,'2025-11-04 18:55:26'),(19,28,6,'2023-06-14',NULL,'enrolled',1,'2025-11-04 18:55:26'),(20,29,8,'2018-04-08',NULL,'enrolled',1,'2025-11-04 18:55:26'),(21,30,8,'2020-01-23',NULL,'alumni',1,'2025-11-04 18:55:26'),(22,31,3,'2020-08-17',NULL,'alumni',1,'2025-11-04 18:55:26'),(23,32,10,'2021-06-01','2024-02-25','leave',1,'2025-11-04 18:55:27'),(24,33,2,'2023-10-14',NULL,'alumni',1,'2025-11-04 18:55:27'),(25,35,9,'2023-04-13','2026-08-07','enrolled',1,'2025-11-04 18:55:27'),(26,39,3,'2020-09-12','2022-11-09','enrolled',1,'2025-11-04 18:55:27'),(27,41,6,'2021-09-28',NULL,'alumni',1,'2025-11-04 18:55:27'),(28,43,1,'2022-05-16','2024-06-28','leave',1,'2025-11-04 18:55:27'),(29,46,9,'2018-12-12',NULL,'enrolled',1,'2025-11-04 18:55:27'),(30,47,1,'2019-12-20','2022-06-24','alumni',1,'2025-11-04 18:55:27'),(31,48,8,'2025-01-02',NULL,'leave',1,'2025-11-04 18:55:27'),(32,49,2,'2019-06-07',NULL,'alumni',1,'2025-11-04 18:55:27'),(33,50,9,'2018-10-04',NULL,'enrolled',1,'2025-11-04 18:55:27'),(34,52,10,'2022-03-05',NULL,'leave',1,'2025-11-04 18:55:27'),(35,53,4,'2025-06-06',NULL,'alumni',1,'2025-11-04 18:55:27'),(36,54,3,'2023-04-15',NULL,'leave',1,'2025-11-04 18:55:27'),(37,56,7,'2025-12-24',NULL,'enrolled',1,'2025-11-04 18:55:27'),(38,57,7,'2019-04-14',NULL,'enrolled',1,'2025-11-04 18:55:27'),(39,58,9,'2018-10-11',NULL,'alumni',1,'2025-11-04 18:55:27'),(40,59,1,'2023-07-09',NULL,'alumni',1,'2025-11-04 18:55:27'),(41,61,6,'2021-09-23','2023-11-23','alumni',1,'2025-11-04 18:55:27'),(42,62,3,'2020-03-22','2026-12-03','alumni',1,'2025-11-04 18:55:27'),(43,63,10,'2019-06-13',NULL,'leave',1,'2025-11-04 18:55:27'),(44,64,2,'2024-02-22','2030-03-02','leave',1,'2025-11-04 18:55:27'),(45,67,3,'2023-01-07','2029-12-07','leave',1,'2025-11-04 18:55:27'),(46,68,10,'2019-11-23',NULL,'leave',1,'2025-11-04 18:55:27'),(47,70,6,'2024-12-10',NULL,'enrolled',1,'2025-11-04 18:55:27'),(48,71,1,'2023-06-15','2025-04-09','alumni',1,'2025-11-04 18:55:27'),(49,72,1,'2022-06-21','2027-12-17','alumni',1,'2025-11-04 18:55:27'),(50,73,1,'2019-02-17',NULL,'enrolled',1,'2025-11-04 18:55:27'),(51,74,7,'2022-02-21','2027-02-19','alumni',1,'2025-11-04 18:55:27'),(52,75,7,'2019-06-18',NULL,'enrolled',1,'2025-11-04 18:55:27'),(53,77,10,'2023-01-28',NULL,'alumni',1,'2025-11-04 18:55:27'),(54,78,9,'2019-06-18','2023-11-10','enrolled',1,'2025-11-04 18:55:27'),(55,79,8,'2020-01-13',NULL,'leave',1,'2025-11-04 18:55:27'),(56,80,3,'2019-02-24','2023-12-13','enrolled',1,'2025-11-04 18:55:27'),(57,81,7,'2024-05-03','2026-02-21','leave',1,'2025-11-04 18:55:27'),(58,82,2,'2021-03-01',NULL,'enrolled',1,'2025-11-04 18:55:27'),(59,83,4,'2020-06-21','2023-01-25','alumni',1,'2025-11-04 18:55:27'),(60,84,6,'2019-08-07','2024-11-27','enrolled',1,'2025-11-04 18:55:27'),(61,86,7,'2019-04-27',NULL,'alumni',1,'2025-11-04 18:55:27'),(62,87,10,'2022-08-08',NULL,'alumni',1,'2025-11-04 18:55:27'),(63,89,9,'2022-12-20',NULL,'alumni',1,'2025-11-04 18:55:27'),(64,90,9,'2019-01-27','2021-05-26','alumni',1,'2025-11-04 18:55:27'),(65,94,9,'2022-11-05',NULL,'leave',1,'2025-11-04 18:55:27'),(66,95,7,'2025-11-09',NULL,'alumni',1,'2025-11-04 18:55:27'),(67,96,5,'2022-07-01',NULL,'leave',1,'2025-11-04 18:55:27'),(68,98,6,'2024-05-06','2030-03-08','enrolled',1,'2025-11-04 18:55:27'),(69,100,6,'2019-06-07','2025-03-12','enrolled',1,'2025-11-04 18:55:27'),(70,101,8,'2023-12-03',NULL,'enrolled',1,'2025-11-04 18:55:27'),(71,102,8,'2025-02-06',NULL,'leave',1,'2025-11-04 18:55:27'),(72,103,4,'2022-04-10',NULL,'leave',1,'2025-11-04 18:55:27'),(73,105,8,'2020-02-12','2022-03-26','leave',1,'2025-11-04 18:55:27'),(74,106,3,'2018-02-24',NULL,'enrolled',1,'2025-11-04 18:55:27'),(75,107,6,'2023-02-01','2027-07-05','alumni',1,'2025-11-04 18:55:27'),(76,110,5,'2025-07-28','2028-03-27','enrolled',1,'2025-11-04 18:55:27'),(77,111,7,'2024-06-13',NULL,'enrolled',1,'2025-11-04 18:55:27'),(78,112,1,'2022-10-09',NULL,'enrolled',1,'2025-11-04 18:55:27'),(79,113,3,'2024-07-26',NULL,'enrolled',1,'2025-11-04 18:55:27'),(80,115,1,'2023-09-14',NULL,'alumni',1,'2025-11-04 18:55:27'),(81,116,4,'2021-09-26','2027-07-18','leave',1,'2025-11-04 18:55:27'),(82,117,5,'2019-11-14',NULL,'enrolled',1,'2025-11-04 18:55:27'),(83,118,6,'2019-09-26',NULL,'enrolled',1,'2025-11-04 18:55:27'),(84,119,7,'2019-05-21','2023-03-02','leave',1,'2025-11-04 18:55:27'),(85,120,2,'2022-05-07',NULL,'leave',1,'2025-11-04 18:55:27'),(86,122,10,'2018-05-12',NULL,'leave',1,'2025-11-04 18:55:27'),(87,123,4,'2022-09-16','2028-09-23','alumni',1,'2025-11-04 18:55:27'),(88,124,4,'2018-07-02','2024-01-06','leave',1,'2025-11-04 18:55:27'),(89,125,5,'2024-12-09',NULL,'alumni',1,'2025-11-04 18:55:27'),(90,127,2,'2025-07-07','2029-01-17','leave',1,'2025-11-04 18:55:27'),(91,128,3,'2023-08-21',NULL,'leave',1,'2025-11-04 18:55:27'),(92,129,1,'2018-04-03',NULL,'leave',1,'2025-11-04 18:55:27'),(93,130,10,'2022-08-17','2025-08-02','enrolled',1,'2025-11-04 18:55:27'),(94,132,10,'2019-04-26',NULL,'alumni',1,'2025-11-04 18:55:27'),(95,134,2,'2022-06-04','2024-04-26','enrolled',1,'2025-11-04 18:55:27'),(96,135,2,'2024-11-14',NULL,'leave',1,'2025-11-04 18:55:27'),(97,137,3,'2018-10-02',NULL,'leave',1,'2025-11-04 18:55:27'),(98,138,8,'2018-08-11',NULL,'leave',1,'2025-11-04 18:55:27'),(99,140,6,'2020-12-21','2024-07-02','alumni',1,'2025-11-04 18:55:27'),(100,141,2,'2022-04-22','2025-12-13','enrolled',1,'2025-11-04 18:55:27'),(101,144,2,'2025-06-27','2030-08-10','alumni',1,'2025-11-04 18:55:27'),(102,145,3,'2019-04-06',NULL,'alumni',1,'2025-11-04 18:55:27'),(103,146,6,'2018-03-25',NULL,'enrolled',1,'2025-11-04 18:55:27'),(104,147,5,'2024-12-05',NULL,'enrolled',1,'2025-11-04 18:55:27'),(105,148,9,'2018-01-04',NULL,'alumni',1,'2025-11-04 18:55:27'),(106,150,1,'2024-12-09','2030-11-21','enrolled',1,'2025-11-04 18:55:27'),(107,151,10,'2019-12-19',NULL,'alumni',1,'2025-11-04 18:55:27'),(108,152,9,'2023-02-01','2026-04-22','leave',1,'2025-11-04 18:55:27'),(109,153,5,'2021-11-15','2026-03-18','enrolled',1,'2025-11-04 18:55:27'),(110,154,6,'2018-04-20',NULL,'enrolled',1,'2025-11-04 18:55:27'),(111,156,4,'2021-11-25',NULL,'leave',1,'2025-11-04 18:55:27'),(112,157,10,'2018-07-21','2021-04-03','enrolled',1,'2025-11-04 18:55:27'),(113,158,7,'2022-06-06','2025-12-15','alumni',1,'2025-11-04 18:55:27'),(114,159,5,'2025-06-16',NULL,'leave',1,'2025-11-04 18:55:27'),(115,160,6,'2022-03-09','2026-08-07','alumni',1,'2025-11-04 18:55:27'),(116,161,2,'2020-06-06',NULL,'leave',1,'2025-11-04 18:55:27'),(117,163,4,'2024-01-10','2027-06-28','enrolled',1,'2025-11-04 18:55:27'),(118,165,7,'2022-08-04','2027-09-14','enrolled',1,'2025-11-04 18:55:27'),(119,166,8,'2022-08-27',NULL,'leave',1,'2025-11-04 18:55:27'),(120,167,1,'2018-12-02','2022-03-03','alumni',1,'2025-11-04 18:55:27'),(121,168,2,'2024-10-05',NULL,'leave',1,'2025-11-04 18:55:27'),(122,169,2,'2020-03-27',NULL,'leave',1,'2025-11-04 18:55:27'),(123,170,3,'2020-05-11','2022-01-12','leave',1,'2025-11-04 18:55:27'),(124,171,4,'2024-05-13','2027-10-02','alumni',1,'2025-11-04 18:55:27'),(125,172,6,'2020-08-13','2023-03-14','leave',1,'2025-11-04 18:55:27'),(126,174,6,'2025-05-03','2028-06-02','enrolled',1,'2025-11-04 18:55:27'),(127,176,2,'2025-06-07','2028-11-16','leave',1,'2025-11-04 18:55:28'),(128,178,10,'2024-12-16',NULL,'alumni',1,'2025-11-04 18:55:28'),(129,179,9,'2019-04-09','2024-03-12','alumni',1,'2025-11-04 18:55:28'),(130,181,9,'2024-01-10',NULL,'enrolled',1,'2025-11-04 18:55:28'),(131,185,5,'2019-08-16','2025-10-07','alumni',1,'2025-11-04 18:55:28'),(132,186,2,'2022-02-25','2026-01-10','leave',1,'2025-11-04 18:55:28'),(133,187,2,'2022-05-24',NULL,'enrolled',1,'2025-11-04 18:55:28'),(134,188,8,'2019-01-09',NULL,'enrolled',1,'2025-11-04 18:55:28'),(135,190,9,'2018-02-15',NULL,'leave',1,'2025-11-04 18:55:28'),(136,191,4,'2024-04-14',NULL,'leave',1,'2025-11-04 18:55:28'),(137,192,4,'2025-09-09','2030-02-01','alumni',1,'2025-11-04 18:55:28'),(138,194,7,'2020-12-21',NULL,'leave',1,'2025-11-04 18:55:28'),(139,196,2,'2022-12-22',NULL,'leave',1,'2025-11-04 18:55:28'),(140,199,3,'2019-05-28',NULL,'leave',1,'2025-11-04 18:55:28');
/*!40000 ALTER TABLE `Students` ENABLE KEYS */;
UNLOCK TABLES;

--
-- Temporary view structure for view `course_catalog`
--

DROP TABLE IF EXISTS `course_catalog`;
/*!50001 DROP VIEW IF EXISTS `course_catalog`*/;
SET @saved_cs_client     = @@character_set_client;
/*!50503 SET character_set_client = utf8mb4 */;
/*!50001 CREATE VIEW `course_catalog` AS SELECT 
 1 AS `instructor name`,
 1 AS `semester_type`,
 1 AS `semester_year`,
 1 AS `section_number`,
 1 AS `course_name`,
 1 AS `course_description`,
 1 AS `room_number`,
 1 AS `building_name`*/;
SET character_set_client = @saved_cs_client;

--
-- Temporary view structure for view `current_student_emergency_contacts`
--

DROP TABLE IF EXISTS `current_student_emergency_contacts`;
/*!50001 DROP VIEW IF EXISTS `current_student_emergency_contacts`*/;
SET @saved_cs_client     = @@character_set_client;
/*!50503 SET character_set_client = utf8mb4 */;
/*!50001 CREATE VIEW `current_student_emergency_contacts` AS SELECT 
 1 AS `student_name`,
 1 AS `home_address`,
 1 AS `contact_name`,
 1 AS `contact_phone_number`,
 1 AS `contact_address`*/;
SET character_set_client = @saved_cs_client;

--
-- Table structure for table `emergency_contact`
--

DROP TABLE IF EXISTS `emergency_contact`;
/*!40101 SET @saved_cs_client     = @@character_set_client */;
/*!50503 SET character_set_client = utf8mb4 */;
CREATE TABLE `emergency_contact` (
  `emergency_contact_id` int(11) NOT NULL AUTO_INCREMENT,
  `people_id` int(11) NOT NULL,
  `contact_name` varchar(255) NOT NULL,
  `contact_phone_number` varchar(255) NOT NULL,
  `contact_address` varchar(255) NOT NULL,
  `audit_user_id` int(11) NOT NULL,
  `audit_TIMESTAMP` timestamp NOT NULL DEFAULT current_timestamp() ON UPDATE current_timestamp(),
  PRIMARY KEY (`emergency_contact_id`),
  KEY `fk_emergency contact_People1_idx` (`people_id`),
  CONSTRAINT `fk_emergency contact_People1` FOREIGN KEY (`people_id`) REFERENCES `People` (`people_id`) ON UPDATE CASCADE
) ENGINE=InnoDB AUTO_INCREMENT=151 DEFAULT CHARSET=utf8mb4 COLLATE=utf8mb4_general_ci;
/*!40101 SET character_set_client = @saved_cs_client */;

--
-- Dumping data for table `emergency_contact`
--

LOCK TABLES `emergency_contact` WRITE;
/*!40000 ALTER TABLE `emergency_contact` DISABLE KEYS */;
INSERT INTO `emergency_contact` VALUES (1,63,'Brian King','555-263-515','113 Main St, Hometown4, ST',1,'2025-11-04 18:55:42'),(2,1,'Elizabeth Nelson','555-201-205','51 Main St, Hometown2, ST',1,'2025-11-04 18:55:42'),(3,56,'Kevin Wright','555-256-480','106 Main St, Hometown27, ST',1,'2025-11-04 18:55:42'),(4,42,'Jessica Moore','555-242-410','92 Main St, Hometown13, ST',1,'2025-11-04 18:55:42'),(5,182,'Jessica Lewis','555-382-410','232 Main St, Hometown3, ST',1,'2025-11-04 18:55:42'),(6,61,'George Martinez','555-261-505','111 Main St, Hometown2, ST',1,'2025-11-04 18:55:42'),(7,83,'Donna Thompson','555-283-615','133 Main St, Hometown24, ST',1,'2025-11-04 18:55:42'),(8,39,'Richard Anderson','555-239-395','89 Main St, Hometown10, ST',1,'2025-11-04 18:55:42'),(9,151,'Dorothy Hall','555-351-255','201 Main St, Hometown2, ST',1,'2025-11-04 18:55:42'),(10,15,'Patricia Baker','555-215-275','65 Main St, Hometown16, ST',1,'2025-11-04 18:55:42'),(11,147,'Kevin Ramirez','555-347-235','197 Main St, Hometown28, ST',1,'2025-11-04 18:55:42'),(12,6,'Michael Clark','555-206-230','56 Main St, Hometown7, ST',1,'2025-11-04 18:55:42'),(13,164,'Charles Perez','555-364-320','214 Main St, Hometown15, ST',1,'2025-11-04 18:55:42'),(14,161,'Susan Jackson','555-361-305','211 Main St, Hometown12, ST',1,'2025-11-04 18:55:42'),(15,23,'Barbara King','555-223-315','73 Main St, Hometown24, ST',1,'2025-11-04 18:55:42'),(16,146,'Joseph Ramirez','555-346-230','196 Main St, Hometown27, ST',1,'2025-11-04 18:55:42'),(17,43,'Carol Martinez','555-243-415','93 Main St, Hometown14, ST',1,'2025-11-04 18:55:42'),(18,199,'John Martinez','555-399-495','249 Main St, Hometown20, ST',1,'2025-11-04 18:55:42'),(19,180,'Melissa Miller','555-380-400','230 Main St, Hometown1, ST',1,'2025-11-04 18:55:42'),(20,171,'Charles Carter','555-371-355','221 Main St, Hometown22, ST',1,'2025-11-04 18:55:42'),(21,135,'John Flores','555-335-875','185 Main St, Hometown16, ST',1,'2025-11-04 18:55:42'),(22,30,'Margaret Williams','555-230-350','80 Main St, Hometown1, ST',1,'2025-11-04 18:55:42'),(23,195,'Christopher Martinez','555-395-475','245 Main St, Hometown16, ST',1,'2025-11-04 18:55:42'),(24,177,'Donna Martinez','555-377-385','227 Main St, Hometown28, ST',1,'2025-11-04 18:55:42'),(25,65,'Patricia Ramirez','555-265-525','115 Main St, Hometown6, ST',1,'2025-11-04 18:55:42'),(26,185,'Dorothy Young','555-385-425','235 Main St, Hometown6, ST',1,'2025-11-04 18:55:42'),(27,113,'Michelle Davis','555-313-765','163 Main St, Hometown24, ST',1,'2025-11-04 18:55:42'),(28,166,'Sandra Nguyen','555-366-330','216 Main St, Hometown17, ST',1,'2025-11-04 18:55:42'),(29,50,'Daniel Gonzalez','555-250-450','100 Main St, Hometown21, ST',1,'2025-11-04 18:55:42'),(30,93,'George Garcia','555-293-665','143 Main St, Hometown4, ST',1,'2025-11-04 18:55:42'),(31,25,'Elizabeth Robinson','555-225-325','75 Main St, Hometown26, ST',1,'2025-11-04 18:55:42'),(32,85,'Donna Brown','555-285-625','135 Main St, Hometown26, ST',1,'2025-11-04 18:55:42'),(33,59,'Melissa White','555-259-495','109 Main St, Hometown30, ST',1,'2025-11-04 18:55:42'),(34,90,'Paul Wright','555-290-650','140 Main St, Hometown1, ST',1,'2025-11-04 18:55:42'),(35,153,'Christopher Nelson','555-353-265','203 Main St, Hometown4, ST',1,'2025-11-04 18:55:42'),(36,31,'Christopher Martin','555-231-355','81 Main St, Hometown2, ST',1,'2025-11-04 18:55:42'),(37,53,'Carol Martinez','555-253-465','103 Main St, Hometown24, ST',1,'2025-11-04 18:55:42'),(38,186,'Karen Allen','555-386-430','236 Main St, Hometown7, ST',1,'2025-11-04 18:55:42'),(39,122,'Nancy Carter','555-322-810','172 Main St, Hometown3, ST',1,'2025-11-04 18:55:42'),(40,36,'Christopher Lewis','555-236-380','86 Main St, Hometown7, ST',1,'2025-11-04 18:55:42'),(41,120,'Margaret Wilson','555-320-800','170 Main St, Hometown1, ST',1,'2025-11-04 18:55:42'),(42,48,'Robert Perez','555-248-440','98 Main St, Hometown19, ST',1,'2025-11-04 18:55:42'),(43,107,'Steven Lee','555-307-735','157 Main St, Hometown18, ST',1,'2025-11-04 18:55:42'),(44,189,'Carol Clark','555-389-445','239 Main St, Hometown10, ST',1,'2025-11-04 18:55:42'),(45,92,'Kenneth Scott','555-292-660','142 Main St, Hometown3, ST',1,'2025-11-04 18:55:42'),(46,196,'David Scott','555-396-480','246 Main St, Hometown17, ST',1,'2025-11-04 18:55:42'),(47,70,'Kenneth Brown','555-270-550','120 Main St, Hometown11, ST',1,'2025-11-04 18:55:42'),(48,160,'Lisa Johnson','555-360-300','210 Main St, Hometown11, ST',1,'2025-11-04 18:55:42'),(49,11,'Christopher Jackson','555-211-255','61 Main St, Hometown12, ST',1,'2025-11-04 18:55:42'),(50,62,'David Williams','555-262-510','112 Main St, Hometown3, ST',1,'2025-11-04 18:55:42'),(51,88,'Richard Nguyen','555-288-640','138 Main St, Hometown29, ST',1,'2025-11-04 18:55:42'),(52,197,'Patricia Martinez','555-397-485','247 Main St, Hometown18, ST',1,'2025-11-04 18:55:42'),(53,141,'James Taylor','555-341-205','191 Main St, Hometown22, ST',1,'2025-11-04 18:55:42'),(54,18,'Elizabeth Baker','555-218-290','68 Main St, Hometown19, ST',1,'2025-11-04 18:55:42'),(55,137,'Emily Johnson','555-337-885','187 Main St, Hometown18, ST',1,'2025-11-04 18:55:42'),(56,82,'Anthony Robinson','555-282-610','132 Main St, Hometown23, ST',1,'2025-11-04 18:55:42'),(57,100,'Melissa Garcia','555-300-700','150 Main St, Hometown11, ST',1,'2025-11-04 18:55:42'),(58,127,'Dorothy Robinson','555-327-835','177 Main St, Hometown8, ST',1,'2025-11-04 18:55:42'),(59,117,'Betty Allen','555-317-785','167 Main St, Hometown28, ST',1,'2025-11-04 18:55:42'),(60,77,'Emily Sanchez','555-277-585','127 Main St, Hometown18, ST',1,'2025-11-04 18:55:42'),(61,149,'Susan Campbell','555-349-245','199 Main St, Hometown30, ST',1,'2025-11-04 18:55:42'),(62,29,'Richard Davis','555-229-345','79 Main St, Hometown30, ST',1,'2025-11-04 18:55:42'),(63,37,'Joseph King','555-237-385','87 Main St, Hometown8, ST',1,'2025-11-04 18:55:42'),(64,156,'Daniel Garcia','555-356-280','206 Main St, Hometown7, ST',1,'2025-11-04 18:55:43'),(65,67,'Melissa Campbell','555-267-535','117 Main St, Hometown8, ST',1,'2025-11-04 18:55:43'),(66,64,'Andrew Miller','555-264-520','114 Main St, Hometown5, ST',1,'2025-11-04 18:55:43'),(67,103,'Matthew Adams','555-303-715','153 Main St, Hometown14, ST',1,'2025-11-04 18:55:43'),(68,72,'Richard Rivera','555-272-560','122 Main St, Hometown13, ST',1,'2025-11-04 18:55:43'),(69,45,'John King','555-245-425','95 Main St, Hometown16, ST',1,'2025-11-04 18:55:43'),(70,74,'Margaret Hall','555-274-570','124 Main St, Hometown15, ST',1,'2025-11-04 18:55:43'),(71,91,'George Jones','555-291-655','141 Main St, Hometown2, ST',1,'2025-11-04 18:55:43'),(72,14,'Deborah Miller','555-214-270','64 Main St, Hometown15, ST',1,'2025-11-04 18:55:43'),(73,109,'Betty Johnson','555-309-745','159 Main St, Hometown20, ST',1,'2025-11-04 18:55:43'),(74,150,'Elizabeth Martinez','555-350-250','200 Main St, Hometown1, ST',1,'2025-11-04 18:55:43'),(75,46,'Betty Allen','555-246-430','96 Main St, Hometown17, ST',1,'2025-11-04 18:55:43'),(76,162,'Paul Lewis','555-362-310','212 Main St, Hometown13, ST',1,'2025-11-04 18:55:43'),(77,98,'Melissa Young','555-298-690','148 Main St, Hometown9, ST',1,'2025-11-04 18:55:43'),(78,179,'Kenneth Baker','555-379-395','229 Main St, Hometown30, ST',1,'2025-11-04 18:55:43'),(79,110,'James Thomas','555-310-750','160 Main St, Hometown21, ST',1,'2025-11-04 18:55:43'),(80,105,'Deborah Brown','555-305-725','155 Main St, Hometown16, ST',1,'2025-11-04 18:55:43'),(81,138,'Susan Nguyen','555-338-890','188 Main St, Hometown19, ST',1,'2025-11-04 18:55:43'),(82,172,'James Wright','555-372-360','222 Main St, Hometown23, ST',1,'2025-11-04 18:55:43'),(83,81,'Sarah Taylor','555-281-605','131 Main St, Hometown22, ST',1,'2025-11-04 18:55:43'),(84,115,'Dorothy Lopez','555-315-775','165 Main St, Hometown26, ST',1,'2025-11-04 18:55:43'),(85,192,'Donald Baker','555-392-460','242 Main St, Hometown13, ST',1,'2025-11-04 18:55:43'),(86,97,'Linda Jackson','555-297-685','147 Main St, Hometown8, ST',1,'2025-11-04 18:55:43'),(87,4,'Lisa Gonzalez','555-204-220','54 Main St, Hometown5, ST',1,'2025-11-04 18:55:43'),(88,69,'Deborah Sanchez','555-269-545','119 Main St, Hometown10, ST',1,'2025-11-04 18:55:43'),(89,124,'Deborah Gonzalez','555-324-820','174 Main St, Hometown5, ST',1,'2025-11-04 18:55:43'),(90,157,'Patricia Young','555-357-285','207 Main St, Hometown8, ST',1,'2025-11-04 18:55:43'),(91,10,'Susan Gonzalez','555-210-250','60 Main St, Hometown11, ST',1,'2025-11-04 18:55:43'),(92,159,'Donna Jones','555-359-295','209 Main St, Hometown10, ST',1,'2025-11-04 18:55:43'),(93,44,'Richard Walker','555-244-420','94 Main St, Hometown15, ST',1,'2025-11-04 18:55:43'),(94,96,'Betty Thompson','555-296-680','146 Main St, Hometown7, ST',1,'2025-11-04 18:55:43'),(95,169,'David Moore','555-369-345','219 Main St, Hometown20, ST',1,'2025-11-04 18:55:43'),(96,148,'Jessica Moore','555-348-240','198 Main St, Hometown29, ST',1,'2025-11-04 18:55:43'),(97,104,'John Harris','555-304-720','154 Main St, Hometown15, ST',1,'2025-11-04 18:55:43'),(98,12,'Michael Sanchez','555-212-260','62 Main St, Hometown13, ST',1,'2025-11-04 18:55:43'),(99,194,'Emily Rivera','555-394-470','244 Main St, Hometown15, ST',1,'2025-11-04 18:55:43'),(100,52,'Steven Harris','555-252-460','102 Main St, Hometown23, ST',1,'2025-11-04 18:55:43'),(101,55,'Robert Wilson','555-255-475','105 Main St, Hometown26, ST',1,'2025-11-04 18:55:43'),(102,144,'Elizabeth King','555-344-220','194 Main St, Hometown25, ST',1,'2025-11-04 18:55:43'),(103,76,'Carol Gonzalez','555-276-580','126 Main St, Hometown17, ST',1,'2025-11-04 18:55:43'),(104,34,'Mary Hall','555-234-370','84 Main St, Hometown5, ST',1,'2025-11-04 18:55:43'),(105,198,'Barbara Torres','555-398-490','248 Main St, Hometown19, ST',1,'2025-11-04 18:55:43'),(106,33,'Elizabeth Adams','555-233-365','83 Main St, Hometown4, ST',1,'2025-11-04 18:55:43'),(107,51,'David Lewis','555-251-455','101 Main St, Hometown22, ST',1,'2025-11-04 18:55:43'),(108,2,'Ashley Flores','555-202-210','52 Main St, Hometown3, ST',1,'2025-11-04 18:55:43'),(109,32,'Donald Thomas','555-232-360','82 Main St, Hometown3, ST',1,'2025-11-04 18:55:43'),(110,134,'Lisa Walker','555-334-870','184 Main St, Hometown15, ST',1,'2025-11-04 18:55:43'),(111,102,'Jennifer Gonzalez','555-302-710','152 Main St, Hometown13, ST',1,'2025-11-04 18:55:43'),(112,112,'Jennifer King','555-312-760','162 Main St, Hometown23, ST',1,'2025-11-04 18:55:43'),(113,40,'Dorothy Martin','555-240-400','90 Main St, Hometown11, ST',1,'2025-11-04 18:55:43'),(114,58,'Emily Green','555-258-490','108 Main St, Hometown29, ST',1,'2025-11-04 18:55:43'),(115,128,'Nancy Davis','555-328-840','178 Main St, Hometown9, ST',1,'2025-11-04 18:55:43'),(116,165,'Paul Wilson','555-365-325','215 Main St, Hometown16, ST',1,'2025-11-04 18:55:43'),(117,168,'Richard Lee','555-368-340','218 Main St, Hometown19, ST',1,'2025-11-04 18:55:43'),(118,175,'Amanda Scott','555-375-375','225 Main St, Hometown26, ST',1,'2025-11-04 18:55:43'),(119,132,'Michelle Hall','555-332-860','182 Main St, Hometown13, ST',1,'2025-11-04 18:55:43'),(120,174,'Jessica Taylor','555-374-370','224 Main St, Hometown25, ST',1,'2025-11-04 18:55:43'),(121,95,'David Nguyen','555-295-675','145 Main St, Hometown6, ST',1,'2025-11-04 18:55:43'),(122,16,'Kenneth Rodriguez','555-216-280','66 Main St, Hometown17, ST',1,'2025-11-04 18:55:43'),(123,41,'George Mitchell','555-241-405','91 Main St, Hometown12, ST',1,'2025-11-04 18:55:43'),(124,54,'Andrew Taylor','555-254-470','104 Main St, Hometown25, ST',1,'2025-11-04 18:55:43'),(125,35,'Sandra Clark','555-235-375','85 Main St, Hometown6, ST',1,'2025-11-04 18:55:43'),(126,57,'Matthew Hall','555-257-485','107 Main St, Hometown28, ST',1,'2025-11-04 18:55:43'),(127,191,'Emily Lewis','555-391-455','241 Main St, Hometown12, ST',1,'2025-11-04 18:55:43'),(128,3,'Barbara Jones','555-203-215','53 Main St, Hometown4, ST',1,'2025-11-04 18:55:43'),(129,60,'Kevin Nelson','555-260-500','110 Main St, Hometown1, ST',1,'2025-11-04 18:55:43'),(130,125,'Michelle Gonzalez','555-325-825','175 Main St, Hometown6, ST',1,'2025-11-04 18:55:43'),(131,7,'Donald Thomas','555-207-235','57 Main St, Hometown8, ST',1,'2025-11-04 18:55:43'),(132,28,'Lisa King','555-228-340','78 Main St, Hometown29, ST',1,'2025-11-04 18:55:43'),(133,133,'William Carter','555-333-865','183 Main St, Hometown14, ST',1,'2025-11-04 18:55:43'),(134,193,'Andrew Jackson','555-393-465','243 Main St, Hometown14, ST',1,'2025-11-04 18:55:43'),(135,173,'William Rodriguez','555-373-365','223 Main St, Hometown24, ST',1,'2025-11-04 18:55:43'),(136,158,'Kimberly Clark','555-358-290','208 Main St, Hometown9, ST',1,'2025-11-04 18:55:43'),(137,49,'Margaret Walker','555-249-445','99 Main St, Hometown20, ST',1,'2025-11-04 18:55:43'),(138,130,'Michael Garcia','555-330-850','180 Main St, Hometown11, ST',1,'2025-11-04 18:55:43'),(139,5,'Richard Clark','555-205-225','55 Main St, Hometown6, ST',1,'2025-11-04 18:55:43'),(140,71,'Dorothy Lee','555-271-555','121 Main St, Hometown12, ST',1,'2025-11-04 18:55:43'),(141,188,'Anthony Jackson','555-388-440','238 Main St, Hometown9, ST',1,'2025-11-04 18:55:43'),(142,94,'Susan Rivera','555-294-670','144 Main St, Hometown5, ST',1,'2025-11-04 18:55:43'),(143,89,'Amanda Carter','555-289-645','139 Main St, Hometown30, ST',1,'2025-11-04 18:55:43'),(144,178,'Karen Wilson','555-378-390','228 Main St, Hometown29, ST',1,'2025-11-04 18:55:43'),(145,68,'Sandra Wilson','555-268-540','118 Main St, Hometown9, ST',1,'2025-11-04 18:55:43'),(146,163,'Charles Torres','555-363-315','213 Main St, Hometown14, ST',1,'2025-11-04 18:55:43'),(147,116,'Matthew Carter','555-316-780','166 Main St, Hometown27, ST',1,'2025-11-04 18:55:43'),(148,145,'Linda Perez','555-345-225','195 Main St, Hometown26, ST',1,'2025-11-04 18:55:43'),(149,200,'Steven Scott','555-400-500','250 Main St, Hometown21, ST',1,'2025-11-04 18:55:43'),(150,106,'Carol Walker','555-306-730','156 Main St, Hometown17, ST',1,'2025-11-04 18:55:43');
/*!40000 ALTER TABLE `emergency_contact` ENABLE KEYS */;
UNLOCK TABLES;

--
-- Temporary view structure for view `faculty_offices`
--

DROP TABLE IF EXISTS `faculty_offices`;
/*!50001 DROP VIEW IF EXISTS `faculty_offices`*/;
SET @saved_cs_client     = @@character_set_client;
/*!50503 SET character_set_client = utf8mb4 */;
/*!50001 CREATE VIEW `faculty_offices` AS SELECT 
 1 AS `faculty_name`,
 1 AS `office_number`,
 1 AS `building_name`*/;
SET character_set_client = @saved_cs_client;

--
-- Temporary view structure for view `grade_book`
--

DROP TABLE IF EXISTS `grade_book`;
/*!50001 DROP VIEW IF EXISTS `grade_book`*/;
SET @saved_cs_client     = @@character_set_client;
/*!50503 SET character_set_client = utf8mb4 */;
/*!50001 CREATE VIEW `grade_book` AS SELECT 
 1 AS `student_name`,
 1 AS `course_name`,
 1 AS `section_number`,
 1 AS `grade`*/;
SET character_set_client = @saved_cs_client;

--
-- Dumping events for database 'af25andrb1_CollegeDBV1'
--

--
-- Dumping routines for database 'af25andrb1_CollegeDBV1'
--
/*!50003 DROP FUNCTION IF EXISTS `get_email` */;
/*!50003 SET @saved_cs_client      = @@character_set_client */ ;
/*!50003 SET @saved_cs_results     = @@character_set_results */ ;
/*!50003 SET @saved_col_connection = @@collation_connection */ ;
/*!50003 SET character_set_client  = utf8mb4 */ ;
/*!50003 SET character_set_results = utf8mb4 */ ;
/*!50003 SET collation_connection  = utf8mb4_general_ci */ ;
/*!50003 SET @saved_sql_mode       = @@sql_mode */ ;
/*!50003 SET sql_mode              = 'STRICT_TRANS_TABLES,ERROR_FOR_DIVISION_BY_ZERO,NO_AUTO_CREATE_USER,NO_ENGINE_SUBSTITUTION' */ ;
DELIMITER ;;
CREATE DEFINER=`af25andrb1`@`localhost` FUNCTION `get_email`(first_name VARCHAR(255),
    last_name VARCHAR(255)
) RETURNS varchar(255) CHARSET utf8mb4 COLLATE utf8mb4_general_ci
    READS SQL DATA
    DETERMINISTIC
BEGIN
	DECLARE email_address VARCHAR(255);
    DECLARE person_check INT(11);
    SET person_check = NULL;
    SELECT p.people_id INTO person_check FROM People p WHERE p.first_name = first_name AND p.last_name = last_name;
    IF person_check IS NULL THEN
		SIGNAL SQLSTATE '22003'
        SET MESSAGE_TEXT = 'Person does not exist in table',
        mySQL_ERRNO = 1146;
	END IF;
    SELECT p.email INTO email_address FROM People p WHERE p.people_id = person_check;
    RETURN email_address;
END ;;
DELIMITER ;
/*!50003 SET sql_mode              = @saved_sql_mode */ ;
/*!50003 SET character_set_client  = @saved_cs_client */ ;
/*!50003 SET character_set_results = @saved_cs_results */ ;
/*!50003 SET collation_connection  = @saved_col_connection */ ;
/*!50003 DROP FUNCTION IF EXISTS `get_email_list` */;
/*!50003 SET @saved_cs_client      = @@character_set_client */ ;
/*!50003 SET @saved_cs_results     = @@character_set_results */ ;
/*!50003 SET @saved_col_connection = @@collation_connection */ ;
/*!50003 SET character_set_client  = utf8mb4 */ ;
/*!50003 SET character_set_results = utf8mb4 */ ;
/*!50003 SET collation_connection  = utf8mb4_general_ci */ ;
/*!50003 SET @saved_sql_mode       = @@sql_mode */ ;
/*!50003 SET sql_mode              = 'STRICT_TRANS_TABLES,ERROR_FOR_DIVISION_BY_ZERO,NO_AUTO_CREATE_USER,NO_ENGINE_SUBSTITUTION' */ ;
DELIMITER ;;
CREATE DEFINER=`af25andrb1`@`localhost` FUNCTION `get_email_list`(person_type INT(11)
) RETURNS longtext CHARSET utf8mb4 COLLATE utf8mb4_general_ci
    DETERMINISTIC
BEGIN
	DECLARE DATA LONGTEXT;
    IF person_type = 1 THEN -- returns current student mailing list
		SELECT JSON_ARRAYAGG(JSON_OBJECT('name', name, 'email', email)) INTO data
		FROM
		(	
			SELECT CONCAT(p.first_name, " " , p.last_name) as name, p.email as email FROM People p JOIN Students s ON s.people_id = p.people_id WHERE p.people_id = s.people_id AND s.enrollment_status = "enrolled"
		)data;
		return data;
    ELSEIF person_type = 2 THEN -- returns admin mailing list
		SELECT JSON_ARRAYAGG(JSON_OBJECT('name', name, 'email', email)) INTO data
		FROM
		(	
			SELECT CONCAT(p.first_name, " " , p.last_name) as name, p.email as email FROM People p JOIN Admin a ON a.people_id = p.people_id WHERE p.people_id = a.people_id
		)data;
		return data;
	ELSEIF person_type = 3 THEN -- returns falculty mailing list
		SELECT JSON_ARRAYAGG(JSON_OBJECT('name', name, 'email', email)) INTO data
		FROM
		(	
			SELECT CONCAT(p.first_name, " " , p.last_name) as "Name", p.email FROM People p JOIN Faculty f ON f.people_id = p.people_id WHERE p.people_id = f.people_id
		)data;
		return data;
	ELSE 
		SIGNAL SQLSTATE '22003'
		SET MESSAGE_TEXT = 'INVALID PERSON TYPE',
		mySQL_ERRNO = 1146;
	END IF;
    
END ;;
DELIMITER ;
/*!50003 SET sql_mode              = @saved_sql_mode */ ;
/*!50003 SET character_set_client  = @saved_cs_client */ ;
/*!50003 SET character_set_results = @saved_cs_results */ ;
/*!50003 SET collation_connection  = @saved_col_connection */ ;
/*!50003 DROP FUNCTION IF EXISTS `get_student_id` */;
/*!50003 SET @saved_cs_client      = @@character_set_client */ ;
/*!50003 SET @saved_cs_results     = @@character_set_results */ ;
/*!50003 SET @saved_col_connection = @@collation_connection */ ;
/*!50003 SET character_set_client  = utf8mb4 */ ;
/*!50003 SET character_set_results = utf8mb4 */ ;
/*!50003 SET collation_connection  = utf8mb4_general_ci */ ;
/*!50003 SET @saved_sql_mode       = @@sql_mode */ ;
/*!50003 SET sql_mode              = 'STRICT_TRANS_TABLES,ERROR_FOR_DIVISION_BY_ZERO,NO_AUTO_CREATE_USER,NO_ENGINE_SUBSTITUTION' */ ;
DELIMITER ;;
CREATE DEFINER=`af25andrb1`@`localhost` FUNCTION `get_student_id`(student_first_name VARCHAR(255),
    student_last_name VARCHAR(255)
) RETURNS int(11)
    READS SQL DATA
    DETERMINISTIC
BEGIN
	DECLARE ID INT(11);
    SET ID = NULL;
    SELECT student_id 
    INTO ID 
    FROM Students s
    JOIN People p ON s.people_id = p.people_id
    WHERE EXISTS (SELECT * FROM People WHERE p.first_name = student_first_name AND p.last_name = student_last_name);
    
    return(ID);
END ;;
DELIMITER ;
/*!50003 SET sql_mode              = @saved_sql_mode */ ;
/*!50003 SET character_set_client  = @saved_cs_client */ ;
/*!50003 SET character_set_results = @saved_cs_results */ ;
/*!50003 SET collation_connection  = @saved_col_connection */ ;
/*!50003 DROP FUNCTION IF EXISTS `TEST` */;
/*!50003 SET @saved_cs_client      = @@character_set_client */ ;
/*!50003 SET @saved_cs_results     = @@character_set_results */ ;
/*!50003 SET @saved_col_connection = @@collation_connection */ ;
/*!50003 SET character_set_client  = utf8mb4 */ ;
/*!50003 SET character_set_results = utf8mb4 */ ;
/*!50003 SET collation_connection  = utf8mb4_general_ci */ ;
/*!50003 SET @saved_sql_mode       = @@sql_mode */ ;
/*!50003 SET sql_mode              = 'STRICT_TRANS_TABLES,ERROR_FOR_DIVISION_BY_ZERO,NO_AUTO_CREATE_USER,NO_ENGINE_SUBSTITUTION' */ ;
DELIMITER ;;
CREATE DEFINER=`af25andrb1`@`localhost` FUNCTION `TEST`(sfn VARCHAR(255),
    sln VARCHAR(255)
) RETURNS varchar(255) CHARSET utf8mb4 COLLATE utf8mb4_general_ci
    DETERMINISTIC
BEGIN
	DECLARE ID INT(11);
    SET ID = 0;
    select af25andrb1_CollegeDBV1.get_student_id(sfn, sln) INTO ID;
    IF ID = 0 or ID IS NULL THEN
		RETURN ("NO STUDENT FOUND");
	ELSE
		RETURN ("WE FOUND THE STUDENT SOMEHOW");
	END IF;
END ;;
DELIMITER ;
/*!50003 SET sql_mode              = @saved_sql_mode */ ;
/*!50003 SET character_set_client  = @saved_cs_client */ ;
/*!50003 SET character_set_results = @saved_cs_results */ ;
/*!50003 SET collation_connection  = @saved_col_connection */ ;
/*!50003 DROP PROCEDURE IF EXISTS `add_bill` */;
/*!50003 SET @saved_cs_client      = @@character_set_client */ ;
/*!50003 SET @saved_cs_results     = @@character_set_results */ ;
/*!50003 SET @saved_col_connection = @@collation_connection */ ;
/*!50003 SET character_set_client  = utf8mb4 */ ;
/*!50003 SET character_set_results = utf8mb4 */ ;
/*!50003 SET collation_connection  = utf8mb4_general_ci */ ;
/*!50003 SET @saved_sql_mode       = @@sql_mode */ ;
/*!50003 SET sql_mode              = 'STRICT_TRANS_TABLES,ERROR_FOR_DIVISION_BY_ZERO,NO_AUTO_CREATE_USER,NO_ENGINE_SUBSTITUTION' */ ;
DELIMITER ;;
CREATE DEFINER=`af25andrb1`@`localhost` PROCEDURE `add_bill`(
	IN student_first_name VARCHAR(255),
    IN student_last_name VARCHAR(255),
    IN bill_semester_id INT(11),
    IN bill_amount DECIMAL(19,4),
    IN user_id INT(11)
)
BEGIN
	DECLARE ID INT(11);
    DECLARE bill_semester_check INT(11);
	DECLARE v_error_msg VARCHAR(255); 
	DECLARE v_sqlstate CHAR(5);
	DECLARE v_errno INT;
	DECLARE v_num_errors INT DEFAULT 0; -- number of data validation errors
	BEGIN -- error handler stolen from debbie's code 
		DECLARE EXIT HANDLER FOR SQLEXCEPTION
    
		GET DIAGNOSTICS CONDITION 1  -- the most recent error that triggered your handler
			v_sqlstate = RETURNED_SQLSTATE,
			v_errno = MYSQL_ERRNO,
			v_error_msg = MESSAGE_TEXT;
      
		SET v_error_msg = LEFT(CONCAT_WS('',
			'Proc failed [', IFNULL(v_sqlstate,'HY000'), '/',
			IFNULL(v_errno,0), ']: ',
			IFNULL(v_error_msg,'(no message)')
			), 512);  -- using LEFT to make sure we don't exceed the length of an error message
        
		ROLLBACK;
    
		SIGNAL SQLSTATE '45000' SET MESSAGE_TEXT = v_error_msg;
	END;
    
    SELECT get_student_id(student_first_name, student_last_name) INTO ID;
    IF ID IS NULL THEN
		SIGNAL SQLSTATE '22003'
		SET MESSAGE_TEXT = 'Student does not exist in table',
		mySQL_ERRNO = 1146;
	END IF;
    
    SET bill_semester_check = NULL;
	SELECT semester_id INTO bill_semester_check FROM Semester WHERE semester_id = bill_semester_id;
    IF bill_semester_check IS NULL THEN
		SIGNAL SQLSTATE '22003'
        SET MESSAGE_TEXT = 'Semester ID is invalid',
        mySQL_ERRNO = 1146;
	END IF;
    
    IF bill_amount < 1 THEN
		SIGNAL SQLSTATE '22003'
        SET MESSAGE_TEXT = 'Bill amount cannot be negative or zero',
        MYSQL_ERRNO = 1146;
	END IF;
    
    START TRANSACTION;
		INSERT INTO Bill (student_id, semester_id, amount_due, audit_user_id)
        VALUES (ID, bill_semester_id, bill_amount, user_id);
        COMMIT;
        SELECT "Bill added" as 'Result';

END ;;
DELIMITER ;
/*!50003 SET sql_mode              = @saved_sql_mode */ ;
/*!50003 SET character_set_client  = @saved_cs_client */ ;
/*!50003 SET character_set_results = @saved_cs_results */ ;
/*!50003 SET collation_connection  = @saved_col_connection */ ;
/*!50003 DROP PROCEDURE IF EXISTS `pay_bill` */;
/*!50003 SET @saved_cs_client      = @@character_set_client */ ;
/*!50003 SET @saved_cs_results     = @@character_set_results */ ;
/*!50003 SET @saved_col_connection = @@collation_connection */ ;
/*!50003 SET character_set_client  = utf8mb4 */ ;
/*!50003 SET character_set_results = utf8mb4 */ ;
/*!50003 SET collation_connection  = utf8mb4_general_ci */ ;
/*!50003 SET @saved_sql_mode       = @@sql_mode */ ;
/*!50003 SET sql_mode              = 'STRICT_TRANS_TABLES,ERROR_FOR_DIVISION_BY_ZERO,NO_AUTO_CREATE_USER,NO_ENGINE_SUBSTITUTION' */ ;
DELIMITER ;;
CREATE DEFINER=`af25andrb1`@`localhost` PROCEDURE `pay_bill`(
	IN student_first_name VARCHAR(255),
    IN student_last_name VARCHAR(255),
    IN payment_amount DECIMAL(19,4),
    IN bill_semester_id INT(11),
    IN user_id INT(11)
)
BEGIN

Declare ID int(11); -- used for data validation that the student exists
Declare current_balance DECIMAL(19,4); -- used to store the current balance on the bill
Declare end_message VARCHAR(255);
DECLARE v_error_msg VARCHAR(255); 
DECLARE v_sqlstate CHAR(5);
DECLARE v_errno INT;
DECLARE v_num_errors INT DEFAULT 0;
BEGIN
    DECLARE EXIT HANDLER FOR SQLEXCEPTION
    
    GET DIAGNOSTICS CONDITION 1  -- the most recent error that triggered your handler
      v_sqlstate = RETURNED_SQLSTATE,
      v_errno    = MYSQL_ERRNO,
      v_error_msg      = MESSAGE_TEXT;
      
	  SET v_error_msg = LEFT(CONCAT_WS('',
		  'Proc failed [', IFNULL(v_sqlstate,'HY000'), '/',
		  IFNULL(v_errno,0), ']: ',
		  IFNULL(v_error_msg,'(no message)')
		), 512);  -- using LEFT to make sure we don't exceed the lenght of an error message
        
    ROLLBACK;
    
    SIGNAL SQLSTATE '45000' SET MESSAGE_TEXT = v_error_msg;
  END;
SET ID = NULL;
SET ID = get_student_id(student_first_name, student_last_name);
IF ID IS NULL THEN -- check to make sure the student exists
	SIGNAL SQLSTATE '22003'
    SET MESSAGE_TEXT = 'Student does not exist in table',
    mySQL_ERRNO = 1146;
END IF;
SET current_balance = NULL; -- set the balance to NULL because if the bill doesn't exist the table returns nothing and not a null value
SELECT amount_due INTO current_balance FROM Bill WHERE student_id = ID and semester_id = bill_semester_id; -- selects the amount due from the bill into the current balance
IF current_balance = NULL THEN -- checks that the bill exists in the table
	SIGNAL SQLSTATE '22003'
    SET MESSAGE_TEXT = 'Bill does not exist',
    mySQL_ERRNO = 1146;
END IF;
IF payment_amount > current_balance THEN -- checks for a payment amount greater than the amount due
	SIGNAL SQLSTATE '22003'
    SET MESSAGE_TEXT = 'Payment amount greater than amount due',
    mySQL_ERRNO = 1146;
END IF;

IF payment_amount < 0 THEN -- checks for negative payment amount just in case
	SIGNAL SQLSTATE '22003'
    SET MESSAGE_TEXT = 'Payment amount cannot be negative',
    mySQL_ERRNO = 1146;
END IF;

START TRANSACTION;
UPDATE Bill
SET amount_due = current_balance - payment_amount, audit_user_id = user_id, audit_TIMESTAMP = CURRENT_TIMESTAMP
WHERE student_id = ID and semester_id = bill_semester_id;


SELECT amount_due INTO current_balance FROM Bill WHERE student_id = ID and semester_id = bill_semester_id;
IF current_balance = 0 THEN
	SELECT "Bill was fully paid" into end_message;
ELSE
	SELECT CONCAT("Bill has ", current_balance, " left to be paid.") into end_message;
END IF;
COMMIT;
SELECT end_message;
END ;;
DELIMITER ;
/*!50003 SET sql_mode              = @saved_sql_mode */ ;
/*!50003 SET character_set_client  = @saved_cs_client */ ;
/*!50003 SET character_set_results = @saved_cs_results */ ;
/*!50003 SET collation_connection  = @saved_col_connection */ ;

--
-- Final view structure for view `course_catalog`
--

/*!50001 DROP VIEW IF EXISTS `course_catalog`*/;
/*!50001 SET @saved_cs_client          = @@character_set_client */;
/*!50001 SET @saved_cs_results         = @@character_set_results */;
/*!50001 SET @saved_col_connection     = @@collation_connection */;
/*!50001 SET character_set_client      = utf8mb4 */;
/*!50001 SET character_set_results     = utf8mb4 */;
/*!50001 SET collation_connection      = utf8mb4_general_ci */;
/*!50001 CREATE ALGORITHM=UNDEFINED */
/*!50013 DEFINER=`af25andrb1`@`localhost` SQL SECURITY DEFINER */
/*!50001 VIEW `course_catalog` AS select concat(`p`.`first_name`,' ',`p`.`last_name`) AS `instructor name`,`se`.`semester_type` AS `semester_type`,`se`.`semester_year` AS `semester_year`,`cs`.`section_number` AS `section_number`,`c`.`course_name` AS `course_name`,`c`.`course_description` AS `course_description`,`r`.`room_number` AS `room_number`,`b`.`building_name` AS `building_name` from (((((((`People` `p` join `Faculty` `f` on(`p`.`people_id` = `f`.`people_id`)) join `Course_Section` `cs` on(`cs`.`faculty_id` = `f`.`faculty_id`)) join `Courses` `c` on(`cs`.`course_id` = `c`.`course_id`)) join `Room_Schedule` `rs` on(`rs`.`section_id` = `cs`.`section_id`)) join `Room` `r` on(`r`.`room_number` = `rs`.`room_number`)) join `Building` `b` on(`b`.`building_id` = `r`.`building_id`)) join `Semester` `se` on(`se`.`semester_id` = `cs`.`semester_id`)) */;
/*!50001 SET character_set_client      = @saved_cs_client */;
/*!50001 SET character_set_results     = @saved_cs_results */;
/*!50001 SET collation_connection      = @saved_col_connection */;

--
-- Final view structure for view `current_student_emergency_contacts`
--

/*!50001 DROP VIEW IF EXISTS `current_student_emergency_contacts`*/;
/*!50001 SET @saved_cs_client          = @@character_set_client */;
/*!50001 SET @saved_cs_results         = @@character_set_results */;
/*!50001 SET @saved_col_connection     = @@collation_connection */;
/*!50001 SET character_set_client      = utf8mb4 */;
/*!50001 SET character_set_results     = utf8mb4 */;
/*!50001 SET collation_connection      = utf8mb4_general_ci */;
/*!50001 CREATE ALGORITHM=UNDEFINED */
/*!50013 DEFINER=`af25andrb1`@`localhost` SQL SECURITY DEFINER */
/*!50001 VIEW `current_student_emergency_contacts` AS select concat(`p`.`first_name`,' ',`p`.`last_name`) AS `student_name`,`p`.`address` AS `home_address`,`ec`.`contact_name` AS `contact_name`,`ec`.`contact_phone_number` AS `contact_phone_number`,`ec`.`contact_address` AS `contact_address` from ((`People` `p` join `Students` `s` on(`s`.`people_id` = `p`.`people_id`)) join `emergency_contact` `ec` on(`ec`.`people_id` = `p`.`people_id`)) where `s`.`enrollment_status` = 'enrolled' */;
/*!50001 SET character_set_client      = @saved_cs_client */;
/*!50001 SET character_set_results     = @saved_cs_results */;
/*!50001 SET collation_connection      = @saved_col_connection */;

--
-- Final view structure for view `faculty_offices`
--

/*!50001 DROP VIEW IF EXISTS `faculty_offices`*/;
/*!50001 SET @saved_cs_client          = @@character_set_client */;
/*!50001 SET @saved_cs_results         = @@character_set_results */;
/*!50001 SET @saved_col_connection     = @@collation_connection */;
/*!50001 SET character_set_client      = utf8mb4 */;
/*!50001 SET character_set_results     = utf8mb4 */;
/*!50001 SET collation_connection      = utf8mb4_general_ci */;
/*!50001 CREATE ALGORITHM=UNDEFINED */
/*!50013 DEFINER=`af25andrb1`@`localhost` SQL SECURITY DEFINER */
/*!50001 VIEW `faculty_offices` AS select concat(`p`.`first_name`,' ',`p`.`last_name`) AS `faculty_name`,`f`.`office_number` AS `office_number`,`b`.`building_name` AS `building_name` from (((`People` `p` join `Faculty` `f` on(`p`.`people_id` = `f`.`people_id`)) join `Room` `r` on(`r`.`room_number` = `f`.`office_number`)) join `Building` `b` on(`b`.`building_id` = `r`.`building_id`)) */;
/*!50001 SET character_set_client      = @saved_cs_client */;
/*!50001 SET character_set_results     = @saved_cs_results */;
/*!50001 SET collation_connection      = @saved_col_connection */;

--
-- Final view structure for view `grade_book`
--

/*!50001 DROP VIEW IF EXISTS `grade_book`*/;
/*!50001 SET @saved_cs_client          = @@character_set_client */;
/*!50001 SET @saved_cs_results         = @@character_set_results */;
/*!50001 SET @saved_col_connection     = @@collation_connection */;
/*!50001 SET character_set_client      = utf8mb4 */;
/*!50001 SET character_set_results     = utf8mb4 */;
/*!50001 SET collation_connection      = utf8mb4_general_ci */;
/*!50001 CREATE ALGORITHM=UNDEFINED */
/*!50013 DEFINER=`af25andrb1`@`localhost` SQL SECURITY DEFINER */
/*!50001 VIEW `grade_book` AS select concat(`p`.`first_name`,' ',`p`.`last_name`) AS `student_name`,`c`.`course_name` AS `course_name`,`cs`.`section_number` AS `section_number`,`e`.`grade` AS `grade` from ((((`People` `p` join `Students` `s` on(`p`.`people_id` = `s`.`people_id`)) join `Enrollment` `e` on(`e`.`student_id` = `s`.`student_id`)) join `Course_Section` `cs` on(`cs`.`section_id` = `e`.`enrollment_id`)) join `Courses` `c` on(`c`.`course_id` = `cs`.`course_id`)) */;
/*!50001 SET character_set_client      = @saved_cs_client */;
/*!50001 SET character_set_results     = @saved_cs_results */;
/*!50001 SET collation_connection      = @saved_col_connection */;
/*!40103 SET TIME_ZONE=@OLD_TIME_ZONE */;

/*!40101 SET SQL_MODE=@OLD_SQL_MODE */;
/*!40014 SET FOREIGN_KEY_CHECKS=@OLD_FOREIGN_KEY_CHECKS */;
/*!40014 SET UNIQUE_CHECKS=@OLD_UNIQUE_CHECKS */;
/*!40101 SET CHARACTER_SET_CLIENT=@OLD_CHARACTER_SET_CLIENT */;
/*!40101 SET CHARACTER_SET_RESULTS=@OLD_CHARACTER_SET_RESULTS */;
/*!40101 SET COLLATION_CONNECTION=@OLD_COLLATION_CONNECTION */;
/*!40111 SET SQL_NOTES=@OLD_SQL_NOTES */;

-- Dump completed on 2025-11-25 12:48:20
